period,family,strategy,total_old,predicted_old,evaluable_old,wins_old,win_rate_old,coverage_mae_old,center_mae_old,hit_030_old,total_new,predicted_new,evaluable_new,wins_new,win_rate_new,coverage_mae_new,center_mae_new,hit_030_new,total_change,predicted_change,evaluable_change,wins_change,win_rate_change,coverage_mae_change,center_mae_change,hit_030_change
all,all,S1,46665.0,37899.0,36564.0,5507.0,0.1506126244393392,0.4096150294203013,0.5040089659357766,0.4944457637404681,90831,74445,70564,11173,0.1583385295618162,0.4115296433608704,0.5083076660621936,0.4923500570891262,44166.0,36546.0,34000.0,5666.0,0.007725905122477006,0.0019146139405690765,0.004298700126416977,-0.0020957066513419
all,all,S2,46665.0,37893.0,36563.0,5632.0,0.1540355003692257,0.402497994352519,0.502182479613649,0.5012535296756657,90831,74442,70561,11312,0.1603151882768101,0.4058282380914,0.5074860508852529,0.4976894763708659,44166.0,36549.0,33998.0,5680.0,0.0062796879075844025,0.0033302437388810224,0.0053035712716038574,-0.003564053304799808
all,all,S3,46665.0,38681.0,37332.0,7143.0,0.1913371906139505,0.3124442439440552,0.5015917246193221,0.6634781934282982,90831,76994,72982,13990,0.1916911019155408,0.322790170662649,0.5065234511780139,0.6473361560641089,44166.0,38313.0,35650.0,6847.0,0.0003539113015903206,0.0103459267185938,0.004931726558691785,-0.016142037364189288
all,all,S4,46665.0,37893.0,36563.0,6600.0,0.1805103519951864,0.4278835536906552,0.7026860924181247,0.5136832660385823,90831,74442,70561,13081,0.1853856946471847,0.4873246796163457,0.7547241194486983,0.477176862523844,44166.0,36549.0,33998.0,6481.0,0.004875342651998321,0.05944112592569045,0.052038027030573586,-0.03650640351473827
all,all,S5,46665.0,37893.0,36563.0,7219.0,0.1974400350080682,0.4043274008392051,0.7150160372628189,0.5593117462328134,90831,74442,70561,14333,0.2031292073525035,0.4660779694258616,0.7560547903065474,0.521506676338626,44166.0,36549.0,33998.0,7114.0,0.005689172344435306,0.06175056858665651,0.041038753043728504,-0.037805069894187415
all,all,auto,46665.0,37899.0,36564.0,5507.0,0.1506126244393392,0.4096150294203013,0.5040089659357766,0.4944457637404681,90831,74445,70564,11176,0.1583810441584944,0.4115121069245752,0.5083445160857009,0.4924037880314326,44166.0,36546.0,34000.0,5669.0,0.007768419719155206,0.0018970775042738697,0.004335550149924261,-0.002041975709035526
all,construction_management,S1,2046.0,2001.0,1843.0,778.0,0.4221378187737384,0.4126286356821589,0.5689753623188405,0.5162418790604698,4178,4098,3435,1432,0.4168850072780203,0.3920301610541727,0.568062542703758,0.5336749633967789,2132.0,2097.0,1592.0,654.0,-0.005252811495718102,-0.020598474627986196,-0.0009128196150824941,0.01743308433630908
all,construction_management,S2,2046.0,2001.0,1843.0,807.0,0.4378730330982094,0.3934804097951024,0.5631629685157422,0.526736631684158,4178,4098,3435,1466,0.426783114992722,0.3789093704245974,0.5653012933138116,0.5439238653001464,2132.0,2097.0,1592.0,659.0,-0.011089918105487429,-0.014571039370505023,0.002138324798069413,0.017187233615988395
all,construction_management,S3,2046.0,2032.0,1871.0,1019.0,0.5446285408872261,0.2465951771653543,0.5609823326771655,0.7741141732283464,4178,4168,3494,1842,0.5271894676588438,0.2489136516314779,0.5637710172744721,0.769193857965451,2132.0,2136.0,1623.0,823.0,-0.01743907322838234,0.002318474466123599,0.0027886845973066343,-0.004920315262895381
all,construction_management,S4,2046.0,2001.0,1843.0,958.0,0.5198046663049376,0.3331759620189904,0.9067772613693154,0.5862068965517241,4178,4098,3435,1707,0.496943231441048,0.3217785749145925,0.9091448999511956,0.5829673011224987,2132.0,2097.0,1592.0,749.0,-0.022861434863889585,-0.011397387104397916,0.0023676385818802714,-0.0032395954292253615
all,construction_management,S5,2046.0,2001.0,1843.0,1022.0,0.5545306565382528,0.3206423288355822,0.8089629685157421,0.6286856571714143,4178,4098,3435,1867,0.5435225618631733,0.3065382381649584,0.8017530502684237,0.6381161542215715,2132.0,2097.0,1592.0,845.0,-0.011008094675079572,-0.014104090670623792,-0.007209918247318425,0.009430497050157194
all,construction_management,auto,2046.0,2001.0,1843.0,778.0,0.4221378187737384,0.4126286356821589,0.5689753623188405,0.5162418790604698,4178,4098,3435,1432,0.4168850072780203,0.3920016593460224,0.5680713274768179,0.5336749633967789,2132.0,2097.0,1592.0,654.0,-0.005252811495718102,-0.020626976336136527,-0.0009040348420226163,0.01743308433630908
all,design,S1,14133.0,13351.0,13110.0,2581.0,0.1968726163234172,0.3786799116171073,0.5171282001348214,0.5366639203055951,27718,25373,24564,5420,0.2206481029148347,0.3780329996452922,0.5310251211918181,0.5421116935324952,13585.0,12022.0,11454.0,2839.0,0.023775486591417483,-0.0006469119718151006,0.013896921056996692,0.005447773226900154
all,design,S2,14133.0,13351.0,13110.0,2656.0,0.2025934401220442,0.3710994532244776,0.5177297356003296,0.5452775073028238,27718,25373,24564,5494,0.2236606415893177,0.3696463484806684,0.5327635005714736,0.551215859378079,13585.0,12022.0,11454.0,2838.0,0.021067201467273505,-0.0014531047438092193,0.015033764971143948,0.005938352075255282
all,design,S3,14133.0,14081.0,13824.0,3633.0,0.2628038194444444,0.2282551949435409,0.5139708756480363,0.8054115474753214,27718,27671,26785,7303,0.2726526040694418,0.2305628961728885,0.5261417079252647,0.7997903942755954,13585.0,13590.0,12961.0,3670.0,0.009848784624997386,0.002307701229347592,0.012170832277228372,-0.005621153199726003
all,design,S4,14133.0,13351.0,13110.0,3125.0,0.2383676582761251,0.295078421092053,0.7149326192794547,0.6401018650288368,27718,25373,24564,6256,0.2546816479400749,0.3017318409332755,0.7162832617349151,0.6314586371339613,13585.0,12022.0,11454.0,3131.0,0.016313989663949813,0.006653419841222474,0.0013506424554603491,-0.008643227894875483
all,design,S5,14133.0,13351.0,13110.0,3515.0,0.2681159420289855,0.2540505729907872,0.7488797693056699,0.7244401168451802,27718,25373,24564,7086,0.2884709330727894,0.2567311394001498,0.7400081267489064,0.718283214440547,13585.0,12022.0,11454.0,3571.0,0.02035499104380395,0.0026805664093625947,-0.008871642556763537,-0.00615690240463318
all,design,auto,14133.0,13351.0,13110.0,2581.0,0.1968726163234172,0.3786799116171073,0.5171282001348214,0.5366639203055951,27718,25373,24564,5422,0.2207295228790099,0.3779301895715918,0.5310296141567808,0.5423481653726402,13585.0,12022.0,11454.0,2841.0,0.023856906555592694,-0.0007497220455154885,0.013901414021959435,0.005684245067045124
all,diagnosis,S1,3319.0,3303.0,3277.0,385.0,0.117485505035093,0.3039229488343929,0.4331591583409022,0.6158038147138964,6149,6142,6089,838,0.1376252258170471,0.2933024096385542,0.4285599804623901,0.6367632692933898,2830.0,2839.0,2812.0,453.0,0.020139720781954085,-0.010620539195838719,-0.004599177878512106,0.02095945457949333
all,diagnosis,S2,3319.0,3303.0,3277.0,378.0,0.1153494049435459,0.298169936421435,0.4275082652134423,0.6221616712079927,6149,6141,6088,834,0.1369908015768725,0.2892113336590132,0.4215286435433968,0.6367041198501873,2830.0,2838.0,2811.0,456.0,0.021641396633326593,-0.00895860276242183,-0.00597962167004551,0.014542448642194561
all,diagnosis,S3,3319.0,3305.0,3279.0,462.0,0.1408966148215919,0.2062872012102874,0.4358025113464447,0.8127080181543116,6149,6144,6091,967,0.1587588244951568,0.2032497233072916,0.4317027343749999,0.8095703125,2830.0,2839.0,2812.0,505.0,0.01786220967356489,-0.0030374779029958,-0.004099776971444813,-0.0031377056543115955
all,diagnosis,S4,3319.0,3303.0,3277.0,426.0,0.1299969484284406,0.2605514986376022,0.565257795943082,0.6890705419315774,6149,6141,6088,906,0.1488173455978975,0.2536430874450415,0.5700549259078326,0.6979319329099495,2830.0,2838.0,2811.0,480.0,0.01882039716945691,-0.006908411192560693,0.004797129964750568,0.00886139097837213
all,diagnosis,S5,3319.0,3303.0,3277.0,462.0,0.1409826060421116,0.2342879806236754,0.546136633363609,0.7359975779594308,6149,6141,6088,984,0.1616294349540079,0.2297392607067252,0.551684497638821,0.750203549910438,2830.0,2838.0,2811.0,522.0,0.020646828911896287,-0.004548719916950189,0.005547864275212033,0.014205971951007257
all,diagnosis,auto,3319.0,3303.0,3277.0,385.0,0.117485505035093,0.3039229488343929,0.4331591583409022,0.6158038147138964,6149,6142,6089,838,0.1376252258170471,0.2933024096385542,0.4285599804623901,0.6367632692933898,2830.0,2839.0,2812.0,453.0,0.020139720781954085,-0.010620539195838719,-0.004599177878512106,0.02095945457949333
all,electric_construction,S1,11561.0,11536.0,10676.0,794.0,0.0743724241288872,0.4920273058252427,0.4920273058252427,0.3817614424410541,26050,25815,23605,1780,0.0754077525947892,0.4921445671121441,0.4921445671121441,0.3809800503583188,14489.0,14279.0,12929.0,986.0,0.0010353284659019996,0.00011726128690142668,0.00011726128690142668,-0.0007813920827353105
all,electric_construction,S2,11561.0,11531.0,10676.0,776.0,0.0726863994005245,0.4920632555719366,0.4920632555719366,0.3827074841730986,26050,25815,23605,1786,0.075661936030502,0.4927816153399186,0.4927816153399186,0.3816385822196397,14489.0,14284.0,12929.0,1010.0,0.0029755366299775016,0.0007183597679820131,0.0007183597679820131,-0.0010689019534588784
all,electric_construction,S3,11561.0,11555.0,10700.0,778.0,0.0727102803738317,0.490429536996971,0.490429536996971,0.3839030722630895,26050,25990,23737,1767,0.0744407465138812,0.4919359599846095,0.4919359599846095,0.382724124663332,14489.0,14435.0,13037.0,989.0,0.0017304661400494997,0.0015064229876384783,0.0015064229876384783,-0.0011789475997575072
all,electric_construction,S4,11561.0,11531.0,10676.0,948.0,0.0887973023604346,0.6952656144306651,0.6952656144306651,0.2634637065302229,26050,25815,23605,2245,0.0951069688625291,0.8189013054425721,0.8189013054425721,0.2114662018206469,14489.0,14284.0,12929.0,1297.0,0.00630966650209451,0.12363569101190697,0.12363569101190697,-0.05199750470957598
all,electric_construction,S5,11561.0,11531.0,10676.0,948.0,0.0887973023604346,0.6952656144306651,0.6952656144306651,0.2634637065302229,26050,25815,23605,2245,0.0951069688625291,0.8189013054425721,0.8189013054425721,0.2114662018206469,14489.0,14284.0,12929.0,1297.0,0.00630966650209451,0.12363569101190697,0.12363569101190697,-0.05199750470957598
all,electric_construction,auto,11561.0,11536.0,10676.0,794.0,0.0743724241288872,0.4920273058252427,0.4920273058252427,0.3817614424410541,26050,25815,23605,1780,0.0754077525947892,0.4922373852411389,0.4922373852411389,0.3807863645167538,14489.0,14279.0,12929.0,986.0,0.0010353284659019996,0.00021007941589623602,0.00021007941589623602,-0.0009750779243002938
all,kepco_supervision,S1,8777.0,2527.0,2521.0,258.0,0.1023403411344704,0.341993351800554,0.4039310645033636,0.5516422635536209,15877,4239,4228,458,0.108325449385052,0.3371051663128096,0.4062015805614531,0.5572068884170795,7100.0,1712.0,1707.0,200.0,0.0059851082505816,-0.00488818548774439,0.0022705160580895334,0.005564624863458656
all,kepco_supervision,S2,8777.0,2526.0,2520.0,275.0,0.1091269841269841,0.338727711797308,0.4027353523357087,0.5506730007917656,15877,4239,4228,460,0.1087984862819299,0.3356779193205945,0.4059450813871196,0.551309271054494,7100.0,1713.0,1708.0,185.0,-0.0003284978450542042,-0.0030497924767134976,0.0032097290514109256,0.0006362702627283889
all,kepco_supervision,S3,8777.0,2526.0,2520.0,324.0,0.1285714285714285,0.2901330562153602,0.411187015043547,0.6500395882818686,15877,4239,4228,529,0.1251182592242194,0.2849242510025949,0.4135920028308563,0.6614767633875914,7100.0,1713.0,1708.0,205.0,-0.0034531693472091007,-0.005208805212765288,0.0024049877873092984,0.011437175105722841
all,kepco_supervision,S4,8777.0,2526.0,2520.0,284.0,0.1126984126984127,0.399673792557403,0.5386359065716548,0.5158353127474268,15877,4239,4228,512,0.1210974456007568,0.3897924982307147,0.5551628214201464,0.5237084217975938,7100.0,1713.0,1708.0,228.0,0.008399032902344103,-0.009881294326688272,0.01652691484849156,0.007873109050167026
all,kepco_supervision,S5,8777.0,2526.0,2520.0,310.0,0.123015873015873,0.3801393111638955,0.5381872129849564,0.5506730007917656,15877,4239,4228,548,0.12961210974456,0.36791115829205,0.5492366124085869,0.5664071715027129,7100.0,1713.0,1708.0,238.0,0.006596236728687005,-0.012228152871845477,0.01104939942363048,0.015734170710947293
all,kepco_supervision,auto,8777.0,2527.0,2521.0,258.0,0.1023403411344704,0.341993351800554,0.4039310645033636,0.5516422635536209,15877,4239,4228,458,0.108325449385052,0.3371051663128096,0.4062015805614531,0.5572068884170795,7100.0,1712.0,1707.0,200.0,0.0059851082505816,-0.00488818548774439,0.0022705160580895334,0.005564624863458656
all,other,S1,1630.0,0.0,0.0,0.0,,,,,2061,0,0,0,,,,,431.0,0.0,0.0,0.0,,,,
all,other,S2,1630.0,0.0,0.0,0.0,,,,,2061,0,0,0,,,,,431.0,0.0,0.0,0.0,,,,
all,other,S3,1630.0,0.0,0.0,0.0,,,,,2061,0,0,0,,,,,431.0,0.0,0.0,0.0,,,,
all,other,S4,1630.0,0.0,0.0,0.0,,,,,2061,0,0,0,,,,,431.0,0.0,0.0,0.0,,,,
all,other,S5,1630.0,0.0,0.0,0.0,,,,,2061,0,0,0,,,,,431.0,0.0,0.0,0.0,,,,
all,other,auto,1630.0,0.0,0.0,0.0,,,,,2061,0,0,0,,,,,431.0,0.0,0.0,0.0,,,,
all,residential_supervision,S1,792.0,786.0,784.0,16.0,0.0204081632653061,0.4312288804071247,0.6306019083969465,0.510178117048346,1865,1862,1858,30,0.0161463939720129,0.4335082706766917,0.6282859291084855,0.4946294307196562,1073.0,1076.0,1074.0,14.0,-0.004261769293293201,0.002279390269566972,-0.0023159792884610564,-0.015548686328689831
all,residential_supervision,S2,792.0,786.0,784.0,19.0,0.024234693877551,0.414197582697201,0.6253249363867684,0.5267175572519084,1865,1860,1856,35,0.0188577586206896,0.4206714516129031,0.6220546774193548,0.5064516129032258,1073.0,1074.0,1072.0,16.0,-0.0053769352568613996,0.0064738689157020635,-0.0032702589674136195,-0.020265944348682563
all,residential_supervision,S3,792.0,786.0,784.0,17.0,0.0216836734693877,0.2775077608142494,0.6246489821882952,0.688295165394402,1865,1860,1856,54,0.0290948275862068,0.2770156989247311,0.6195152688172044,0.7182795698924731,1073.0,1074.0,1072.0,37.0,0.007411154116819099,-0.0004920618895182804,-0.005133713371090809,0.02998440449807105
all,residential_supervision,S4,792.0,786.0,784.0,16.0,0.0204081632653061,0.4420253180661577,1.073436641221374,0.4834605597964376,1865,1860,1856,36,0.0193965517241379,0.4416973655913978,1.185245752688172,0.4553763440860215,1073.0,1074.0,1072.0,20.0,-0.0010116115411681996,-0.0003279524747599183,0.11180911146679784,-0.028084215710416083
all,residential_supervision,S5,792.0,786.0,784.0,17.0,0.0216836734693877,0.4691674300254453,1.0459480916030537,0.4300254452926209,1865,1860,1856,34,0.0183189655172413,0.5309801075268817,1.0448849999999998,0.3741935483870968,1073.0,1074.0,1072.0,17.0,-0.003364707952146398,0.06181267750143643,-0.001063091603053845,-0.05583189690552409
all,residential_supervision,auto,792.0,786.0,784.0,16.0,0.0204081632653061,0.4312288804071247,0.6306019083969465,0.510178117048346,1865,1862,1858,30,0.0161463939720129,0.4332527926960257,0.6281341031149302,0.4951664876476906,1073.0,1076.0,1074.0,14.0,-0.004261769293293201,0.0020239122889009753,-0.002467805282016289,-0.015011629400655424
all,supervision,S1,4407.0,4395.0,4353.0,695.0,0.1596600045945325,0.4003474402730375,0.5541749488054607,0.5251422070534698,6933,6916,6785,1215,0.1790714812085482,0.3897624060150376,0.5509917871602082,0.5323886639676113,2526.0,2521.0,2432.0,520.0,0.01941147661401571,-0.010585034257999892,-0.0031831616452524525,0.007246456914141497
all,supervision,S2,4407.0,4395.0,4353.0,721.0,0.1656328968527452,0.3799615927189989,0.5449933560864618,0.5431171786120591,6933,6916,6785,1237,0.1823139277818717,0.3725081694621168,0.5431283834586467,0.5484384037015616,2526.0,2521.0,2432.0,516.0,0.016681030929126484,-0.007453423256882086,-0.0018649726278151535,0.0053212250895025015
all,supervision,S3,4407.0,4396.0,4354.0,910.0,0.2090032154340836,0.2435903776160145,0.5432339399454049,0.7836669699727025,6933,6922,6791,1528,0.2250036813429539,0.2424593181161513,0.54135939034961,0.7863334296446114,2526.0,2526.0,2437.0,618.0,0.016000465908870304,-0.0011310594998631962,-0.0018745495957949165,0.0026664596719089273
all,supervision,S4,4407.0,4395.0,4353.0,843.0,0.1936595451412818,0.3123542889647327,0.7232963822525598,0.6254835039817975,6933,6916,6785,1419,0.2091378039793662,0.3081963996529787,0.7352089502602661,0.621602082128398,2526.0,2521.0,2432.0,576.0,0.015478258838084402,-0.004157889311754037,0.011912568007706348,-0.0038814218533995692
all,supervision,S5,4407.0,4395.0,4353.0,945.0,0.217091660923501,0.2657076678043231,0.7905576336746303,0.6976109215017064,6933,6916,6785,1569,0.2312453942520265,0.2642537449392712,0.7838184933487564,0.69679005205321,2526.0,2521.0,2432.0,624.0,0.014153733328525514,-0.0014539228650519154,-0.00673914032587386,-0.000820869448496464
all,supervision,auto,4407.0,4395.0,4353.0,695.0,0.1596600045945325,0.4003474402730375,0.5541749488054607,0.5251422070534698,6933,6916,6785,1216,0.1792188651436993,0.3896900375939849,0.5510611769809138,0.5326778484673221,2526.0,2521.0,2432.0,521.0,0.019558860549166807,-0.010657402679052574,-0.0031137718245468626,0.007535641413852323
fixed_audit,all,S1,3358.0,2896.0,2814.0,430.0,0.1528073916133617,0.4120702002762431,0.5050423687845305,0.4975828729281768,3548,3038,2907,432,0.1486068111455108,0.4144990783410138,0.5065507570770243,0.4878209348255431,190.0,142.0,93.0,2.0,-0.004200580467850906,0.002428878064770712,0.0015083882924938896,-0.009761938102633705
fixed_audit,all,S2,3358.0,2896.0,2814.0,433.0,0.1538734896943852,0.4070270718232044,0.5030789019337016,0.506560773480663,3548,3038,2907,429,0.1475748194014448,0.4099409809084924,0.5050395984200132,0.4957208689927584,190.0,142.0,93.0,-4.0,-0.0062986702929404,0.002913909085287991,0.001960696486311586,-0.010839904487904561
fixed_audit,all,S3,3358.0,2926.0,2844.0,516.0,0.1814345991561181,0.3386259056732741,0.5048048188653452,0.6288448393711552,3548,3086,2953,528,0.1788012190992211,0.3390936163318211,0.5054669151004536,0.6305897602073882,190.0,160.0,109.0,12.0,-0.0026333800568970056,0.0004677106585470048,0.0006620962351083781,0.0017449208362330104
fixed_audit,all,S4,3358.0,2896.0,2814.0,478.0,0.169864960909737,0.4384768991712707,0.6766190953038674,0.5017265193370166,3548,3038,2907,488,0.1678706570347437,0.4389020737327189,0.6787981895984201,0.4963791968400263,190.0,142.0,93.0,10.0,-0.001994303874993303,0.0004251745614481939,0.0021790942945526526,-0.0053473224969903255
fixed_audit,all,S5,3358.0,2896.0,2814.0,516.0,0.1833688699360341,0.4163763466850829,0.6931330455801105,0.5379834254143646,3548,3038,2907,540,0.1857585139318885,0.4177408492429229,0.6918245227123107,0.5312705727452272,190.0,142.0,93.0,24.0,0.002389643995854396,0.001364502557839986,-0.0013085228677998106,-0.006712852669137459
fixed_audit,all,auto,3358.0,2896.0,2814.0,430.0,0.1528073916133617,0.4120702002762431,0.5050423687845305,0.4975828729281768,3548,3038,2907,432,0.1486068111455108,0.4144990783410138,0.5065507570770243,0.4878209348255431,190.0,142.0,93.0,2.0,-0.004200580467850906,0.002428878064770712,0.0015083882924938896,-0.009761938102633705
fixed_audit,construction_management,S1,101.0,96.0,96.0,45.0,0.46875,0.3960385416666667,0.6081239583333333,0.46875,109,103,98,47,0.4795918367346938,0.3856417475728156,0.5880514563106796,0.4757281553398058,8.0,7.0,2.0,2.0,0.0108418367346938,-0.01039679409385108,-0.02007250202265376,0.0069781553398057805
fixed_audit,construction_management,S2,101.0,96.0,96.0,44.0,0.4583333333333333,0.3957343749999999,0.6217489583333333,0.4479166666666667,109,103,98,43,0.4387755102040816,0.3872834951456312,0.6092864077669903,0.4660194174757281,8.0,7.0,2.0,-1.0,-0.019557823129251695,-0.00845087985436871,-0.012462550566343045,0.01810275080906143
fixed_audit,construction_management,S3,101.0,101.0,101.0,65.0,0.6435643564356436,0.2378534653465346,0.6073643564356436,0.7623762376237624,109,109,104,66,0.6346153846153846,0.2304541284403669,0.5997495412844037,0.7889908256880734,8.0,8.0,3.0,1.0,-0.008948971820259,-0.007399336906167703,-0.007614815151239851,0.02661458806431105
fixed_audit,construction_management,S4,101.0,96.0,96.0,54.0,0.5625,0.3289302083333333,0.82428125,0.5729166666666666,109,103,98,53,0.5408163265306123,0.3230533980582525,0.888464077669903,0.5436893203883495,8.0,7.0,2.0,-1.0,-0.02168367346938771,-0.0058768102750808016,0.06418282766990302,-0.029227346278317134
fixed_audit,construction_management,S5,101.0,96.0,96.0,54.0,0.5625,0.3295645833333333,1.0267062500000002,0.6666666666666666,109,103,98,56,0.5714285714285714,0.3349805825242718,1.0105961165048545,0.6116504854368932,8.0,7.0,2.0,2.0,0.008928571428571397,0.005415999190938492,-0.016110133495145673,-0.055016181229773475
fixed_audit,construction_management,auto,101.0,96.0,96.0,45.0,0.46875,0.3960385416666667,0.6081239583333333,0.46875,109,103,98,47,0.4795918367346938,0.3856417475728156,0.5880514563106796,0.4757281553398058,8.0,7.0,2.0,2.0,0.0108418367346938,-0.01039679409385108,-0.02007250202265376,0.0069781553398057805
fixed_audit,design,S1,875.0,857.0,851.0,184.0,0.2162162162162162,0.3682586931155193,0.526712252042007,0.558926487747958,930,899,882,175,0.1984126984126984,0.3734377085650723,0.5291065628476086,0.542825361512792,55.0,42.0,31.0,-9.0,-0.0178035178035178,0.005179015449553015,0.002394310805601596,-0.016101126235165908
fixed_audit,design,S2,875.0,857.0,851.0,185.0,0.217391304347826,0.363500700116686,0.5246640606767795,0.572928821470245,930,899,882,180,0.2040816326530612,0.3658015572858731,0.5269450500556174,0.5628476084538376,55.0,42.0,31.0,-5.0,-0.013309671694764796,0.0023008571691870983,0.0022809893788379165,-0.010081213016407409
fixed_audit,design,S3,875.0,875.0,869.0,229.0,0.2635212888377445,0.2373090285714285,0.5264734857142858,0.784,930,930,911,239,0.2623490669593853,0.2352067741935483,0.5247854838709678,0.789247311827957,55.0,55.0,42.0,10.0,-0.001172221878359192,-0.002102254377880197,-0.0016880018433179655,0.005247311827957013
fixed_audit,design,S4,875.0,857.0,851.0,200.0,0.2350176263219741,0.2938793465577596,0.7175719953325554,0.6487747957992999,930,899,882,196,0.2222222222222222,0.2960977753058955,0.7114120133481647,0.646273637374861,55.0,42.0,31.0,-4.0,-0.012795404099751884,0.002218428748135881,-0.006159981984390717,-0.0025011584244388763
fixed_audit,design,S5,875.0,857.0,851.0,219.0,0.2573443008225617,0.2533320886814469,0.748273512252042,0.7106184364060677,930,899,882,231,0.2619047619047619,0.2527815350389321,0.75106340378198,0.7074527252502781,55.0,42.0,31.0,12.0,0.004560461082200207,-0.0005505536425148283,0.0027898915299380267,-0.0031657111557895634
fixed_audit,design,auto,875.0,857.0,851.0,184.0,0.2162162162162162,0.3682586931155193,0.526712252042007,0.558926487747958,930,899,882,175,0.1984126984126984,0.3734377085650723,0.5291065628476086,0.542825361512792,55.0,42.0,31.0,-9.0,-0.0178035178035178,0.005179015449553015,0.002394310805601596,-0.016101126235165908
fixed_audit,diagnosis,S1,133.0,133.0,132.0,17.0,0.1287878787878787,0.2815872180451128,0.4024601503759399,0.6390977443609023,136,136,134,16,0.1194029850746268,0.2675566176470588,0.3964551470588235,0.6323529411764706,3.0,3.0,2.0,-1.0,-0.009384893713251907,-0.014030600398053983,-0.0060050033171163975,-0.0067448031844317136
fixed_audit,diagnosis,S2,133.0,133.0,132.0,15.0,0.1136363636363636,0.2691962406015037,0.3962887218045113,0.6466165413533834,136,136,134,15,0.1119402985074626,0.2698691176470588,0.401664705882353,0.6176470588235294,3.0,3.0,2.0,0.0,-0.0016960651289010115,0.0006728770455550759,0.005375984077841678,-0.028969482529853985
fixed_audit,diagnosis,S3,133.0,133.0,132.0,20.0,0.1515151515151515,0.1847827067669172,0.4119894736842105,0.8270676691729323,136,136,134,21,0.1567164179104477,0.1844022058823529,0.4167411764705882,0.8235294117647058,3.0,3.0,2.0,1.0,0.005201266395296195,-0.00038050088456428877,0.0047517027863777095,-0.0035382574082264417
fixed_audit,diagnosis,S4,133.0,133.0,132.0,14.0,0.106060606060606,0.2494112781954887,0.6101075187969925,0.6917293233082706,136,136,134,15,0.1119402985074626,0.2425911764705882,0.6043985294117649,0.6911764705882353,3.0,3.0,2.0,1.0,0.005879692446856599,-0.006820101724900496,-0.005708989385227681,-0.0005528527200353572
fixed_audit,diagnosis,S5,133.0,133.0,132.0,18.0,0.1363636363636363,0.2166744360902255,0.5930278195488721,0.7518796992481203,136,136,134,18,0.1343283582089552,0.2170205882352941,0.6016132352941177,0.75,3.0,3.0,2.0,0.0,-0.0020352781546811027,0.00034615214506861225,0.008585415745245628,-0.001879699248120259
fixed_audit,diagnosis,auto,133.0,133.0,132.0,17.0,0.1287878787878787,0.2815872180451128,0.4024601503759399,0.6390977443609023,136,136,134,16,0.1194029850746268,0.2675566176470588,0.3964551470588235,0.6323529411764706,3.0,3.0,2.0,-1.0,-0.009384893713251907,-0.014030600398053983,-0.0060050033171163975,-0.0067448031844317136
fixed_audit,electric_construction,S1,1156.0,1149.0,1080.0,105.0,0.0972222222222222,0.4858106179286336,0.4858106179286336,0.3977371627502176,1221,1210,1110,104,0.0936936936936937,0.4905266942148761,0.4905266942148761,0.3925619834710744,65.0,61.0,30.0,-1.0,-0.0035285285285285017,0.004716076286242488,0.004716076286242488,-0.005175179279143183
fixed_audit,electric_construction,S2,1156.0,1149.0,1080.0,100.0,0.0925925925925925,0.4849217580504786,0.4849217580504786,0.4055700609225413,1221,1210,1110,100,0.09009009009009,0.4893231404958678,0.4893231404958678,0.4,65.0,61.0,30.0,0.0,-0.0025025025025025016,0.004401382445389179,0.004401382445389179,-0.005570060922541253
fixed_audit,electric_construction,S3,1156.0,1156.0,1087.0,97.0,0.0892364305427782,0.4853395328719723,0.4853395328719723,0.407439446366782,1221,1221,1121,97,0.0865298840321141,0.489141769041769,0.489141769041769,0.4045864045864046,65.0,65.0,34.0,0.0,-0.0027065465106640985,0.003802236169796691,0.003802236169796691,-0.0028530417803773744
fixed_audit,electric_construction,S4,1156.0,1149.0,1080.0,120.0,0.1111111111111111,0.6274149695387292,0.6274149695387292,0.3072236727589208,1221,1210,1110,124,0.1117117117117117,0.6271632231404958,0.6271632231404958,0.3099173553719008,65.0,61.0,30.0,4.0,0.0006006006006005898,-0.00025174639823344336,-0.00025174639823344336,0.002693682612979975
fixed_audit,electric_construction,S5,1156.0,1149.0,1080.0,120.0,0.1111111111111111,0.6274149695387292,0.6274149695387292,0.3072236727589208,1221,1210,1110,124,0.1117117117117117,0.6271632231404958,0.6271632231404958,0.3099173553719008,65.0,61.0,30.0,4.0,0.0006006006006005898,-0.00025174639823344336,-0.00025174639823344336,0.002693682612979975
fixed_audit,electric_construction,auto,1156.0,1149.0,1080.0,105.0,0.0972222222222222,0.4858106179286336,0.4858106179286336,0.3977371627502176,1221,1210,1110,104,0.0936936936936937,0.4905266942148761,0.4905266942148761,0.3925619834710744,65.0,61.0,30.0,-1.0,-0.0035285285285285017,0.004716076286242488,0.004716076286242488,-0.005175179279143183
fixed_audit,kepco_supervision,S1,555.0,194.0,194.0,21.0,0.1082474226804123,0.3302386597938144,0.3992963917525773,0.5721649484536082,586,203,203,30,0.1477832512315271,0.3234931034482758,0.4000379310344827,0.5911330049261084,31.0,9.0,9.0,9.0,0.0395358285511148,-0.006745556345538584,0.0007415392819054012,0.018968056472500217
fixed_audit,kepco_supervision,S2,555.0,194.0,194.0,23.0,0.1185567010309278,0.3332932989690721,0.4051829896907216,0.5721649484536082,586,203,203,30,0.1477832512315271,0.3288113300492611,0.4043600985221675,0.5812807881773399,31.0,9.0,9.0,7.0,0.029226550200599305,-0.004481968919811008,-0.0008228911685541074,0.009115839723731645
fixed_audit,kepco_supervision,S3,555.0,194.0,194.0,27.0,0.1391752577319587,0.2813118556701031,0.4185190721649485,0.6958762886597938,586,203,203,25,0.1231527093596059,0.2801187192118226,0.4167965517241379,0.6995073891625616,31.0,9.0,9.0,-2.0,-0.016022548372352813,-0.0011931364582805082,-0.0017225204408106154,0.0036311005027678256
fixed_audit,kepco_supervision,S4,555.0,194.0,194.0,22.0,0.1134020618556701,0.4013097938144329,0.5708298969072164,0.5515463917525774,586,203,203,30,0.1477832512315271,0.3923054187192119,0.5765379310344828,0.5615763546798029,31.0,9.0,9.0,8.0,0.034381189375857005,-0.009004375095221007,0.005708034127266393,0.010029962927225577
fixed_audit,kepco_supervision,S5,555.0,194.0,194.0,27.0,0.1391752577319587,0.3677309278350515,0.5909938144329897,0.6237113402061856,586,203,203,30,0.1477832512315271,0.3698118226600986,0.5990236453201971,0.6157635467980296,31.0,9.0,9.0,3.0,0.008607993499568395,0.002080894825047086,0.008029830887207434,-0.00794779340815599
fixed_audit,kepco_supervision,auto,555.0,194.0,194.0,21.0,0.1082474226804123,0.3302386597938144,0.3992963917525773,0.5721649484536082,586,203,203,30,0.1477832512315271,0.3234931034482758,0.4000379310344827,0.5911330049261084,31.0,9.0,9.0,9.0,0.0395358285511148,-0.006745556345538584,0.0007415392819054012,0.018968056472500217
fixed_audit,other,S1,71.0,0.0,0.0,0.0,,,,,79,0,0,0,,,,,8.0,0.0,0.0,0.0,,,,
fixed_audit,other,S2,71.0,0.0,0.0,0.0,,,,,79,0,0,0,,,,,8.0,0.0,0.0,0.0,,,,
fixed_audit,other,S3,71.0,0.0,0.0,0.0,,,,,79,0,0,0,,,,,8.0,0.0,0.0,0.0,,,,
fixed_audit,other,S4,71.0,0.0,0.0,0.0,,,,,79,0,0,0,,,,,8.0,0.0,0.0,0.0,,,,
fixed_audit,other,S5,71.0,0.0,0.0,0.0,,,,,79,0,0,0,,,,,8.0,0.0,0.0,0.0,,,,
fixed_audit,other,auto,71.0,0.0,0.0,0.0,,,,,79,0,0,0,,,,,8.0,0.0,0.0,0.0,,,,
fixed_audit,residential_supervision,S1,74.0,74.0,74.0,1.0,0.0135135135135135,0.3651729729729729,0.5956716216216218,0.6486486486486487,75,75,75,1,0.0133333333333333,0.3630039999999999,0.6170613333333334,0.6666666666666666,1.0,1.0,1.0,0.0,-0.0001801801801802009,-0.0021689729729730267,0.021389711711711556,0.018018018018017945
fixed_audit,residential_supervision,S2,74.0,74.0,74.0,1.0,0.0135135135135135,0.3485378378378378,0.5886108108108108,0.6486486486486487,75,75,75,1,0.0133333333333333,0.3518906666666667,0.6030506666666666,0.6666666666666666,1.0,1.0,1.0,0.0,-0.0001801801801802009,0.003352828828828869,0.014439855855855832,0.018018018018017945
fixed_audit,residential_supervision,S3,74.0,74.0,74.0,1.0,0.0135135135135135,0.2611054054054054,0.5947040540540541,0.7027027027027027,75,75,75,3,0.04,0.269716,0.6090466666666665,0.6933333333333334,1.0,1.0,1.0,2.0,0.0264864864864865,0.008610594594594623,0.014342612612612382,-0.009369369369369385
fixed_audit,residential_supervision,S4,74.0,74.0,74.0,1.0,0.0135135135135135,0.3922945945945946,0.8739243243243241,0.5675675675675675,75,75,75,1,0.0133333333333333,0.3927626666666666,0.964472,0.6,1.0,1.0,1.0,0.0,-0.0001801801801802009,0.0004680720720720011,0.0905476756756759,0.032432432432432434
fixed_audit,residential_supervision,S5,74.0,74.0,74.0,2.0,0.027027027027027,0.4139513513513513,0.8340486486486487,0.5540540540540541,75,75,75,2,0.0266666666666666,0.4085599999999999,0.8284506666666668,0.56,1.0,1.0,1.0,0.0,-0.0003603603603604018,-0.005391351351351381,-0.005597981981981914,0.005945945945945996
fixed_audit,residential_supervision,auto,74.0,74.0,74.0,1.0,0.0135135135135135,0.3651729729729729,0.5956716216216218,0.6486486486486487,75,75,75,1,0.0133333333333333,0.3630039999999999,0.6170613333333334,0.6666666666666666,1.0,1.0,1.0,0.0,-0.0001801801801802009,-0.0021689729729730267,0.021389711711711556,0.018018018018017945
fixed_audit,supervision,S1,393.0,393.0,387.0,57.0,0.1472868217054263,0.3893162849872773,0.5586860050890585,0.549618320610687,412,412,405,59,0.145679012345679,0.3907456310679612,0.5527247572815533,0.5194174757281553,19.0,19.0,18.0,2.0,-0.001607809359747303,0.001429346080683902,-0.005961247807505177,-0.03020084488253172
fixed_audit,supervision,S2,393.0,393.0,387.0,65.0,0.1679586563307493,0.3710201017811705,0.5484664122137405,0.5648854961832062,412,412,405,60,0.1481481481481481,0.3755611650485437,0.5432254854368932,0.5242718446601942,19.0,19.0,18.0,-5.0,-0.01981050818260119,0.004541063267373191,-0.005240926776847288,-0.040613651523011995
fixed_audit,supervision,S3,393.0,393.0,387.0,77.0,0.1989664082687338,0.2535010178117048,0.5445366412213741,0.7862595419847328,412,412,405,77,0.1901234567901234,0.2504065533980583,0.539418932038835,0.7912621359223301,19.0,19.0,18.0,0.0,-0.008842951478610389,-0.003094464413646525,-0.005117709182539176,0.005002593937597277
fixed_audit,supervision,S4,393.0,393.0,387.0,67.0,0.1731266149870801,0.3191903307888041,0.7326798982188295,0.6310432569974554,412,412,405,69,0.1703703703703703,0.3227257281553398,0.7298043689320389,0.5898058252427184,19.0,19.0,18.0,2.0,-0.0027562446167097854,0.0035353973665356864,-0.002875529286790579,-0.04123743175473704
fixed_audit,supervision,S5,393.0,393.0,387.0,76.0,0.1963824289405684,0.2681740458015267,0.7413083969465649,0.6870229007633588,412,412,405,79,0.1950617283950617,0.2748713592233009,0.7234053398058252,0.6577669902912622,19.0,19.0,18.0,3.0,-0.0013207005455067033,0.006697313421774209,-0.017903057140739698,-0.029255910472096636
fixed_audit,supervision,auto,393.0,393.0,387.0,57.0,0.1472868217054263,0.3893162849872773,0.5586860050890585,0.549618320610687,412,412,405,59,0.145679012345679,0.3907456310679612,0.5527247572815533,0.5194174757281553,19.0,19.0,18.0,2.0,-0.001607809359747303,0.001429346080683902,-0.005961247807505177,-0.03020084488253172
fixed_holdout,all,S1,11798.0,9804.0,9459.0,1372.0,0.1450470451421926,0.4021188494492044,0.5022959302325583,0.5049979600163199,11986,9860,9458,1365,0.1443222668640304,0.4045642596348884,0.5029520385395537,0.4992900608519269,188.0,56.0,-1.0,-7.0,-0.000724778278162197,0.002445410185684005,0.0006561083069954732,-0.0057078991643930155
fixed_holdout,all,S2,11798.0,9804.0,9459.0,1366.0,0.1444127286182471,0.3979518869849041,0.5013094757241943,0.5047939616483068,11986,9860,9458,1376,0.1454853034468175,0.40025892494929,0.5021679006085192,0.502129817444219,188.0,56.0,-1.0,10.0,0.0010725748285703995,0.0023070379643859162,0.0008584248843249709,-0.0026641442040877816
fixed_holdout,all,S3,11798.0,10053.0,9707.0,1692.0,0.174307200988977,0.3283236247886203,0.5022009151497066,0.6394111210583905,11986,10202,9792,1713,0.174938725490196,0.327708174867673,0.502326573220937,0.6408547343658106,188.0,149.0,85.0,21.0,0.0006315245012190052,-0.0006154499209473085,0.00012565807123043893,0.0014436133074201551
fixed_holdout,all,S4,11798.0,9804.0,9459.0,1568.0,0.1657680515910772,0.4131788147694819,0.6581826601387188,0.5206038351693186,11986,9860,9458,1565,0.1654683865510678,0.4133572718052738,0.6605364705882354,0.5206896551724138,188.0,56.0,-1.0,-3.0,-0.0002996650400093892,0.00017845703579194572,0.002353810449516547,8.582000309520499e-05
fixed_holdout,all,S5,11798.0,9804.0,9459.0,1658.0,0.175282799450259,0.3966864137086903,0.6581653406772746,0.560077519379845,11986,9860,9458,1665,0.1760414463945866,0.3977331643002029,0.6587634888438134,0.5567951318458418,188.0,56.0,-1.0,7.0,0.0007586469443275901,0.0010467505915126019,0.0005981481665388033,-0.0032823875340031172
fixed_holdout,all,auto,11798.0,9804.0,9459.0,1372.0,0.1450470451421926,0.4021188494492044,0.5022959302325583,0.5049979600163199,11986,9860,9458,1365,0.1443222668640304,0.4045642596348884,0.5029520385395537,0.4992900608519269,188.0,56.0,-1.0,-7.0,-0.000724778278162197,0.002445410185684005,0.0006561083069954732,-0.0057078991643930155
fixed_holdout,construction_management,S1,476.0,454.0,444.0,174.0,0.3918918918918919,0.3950453744493392,0.5827977973568281,0.5242290748898678,490,462,441,174,0.3945578231292517,0.3851510822510822,0.572319696969697,0.5367965367965368,14.0,8.0,-3.0,0.0,0.0026659312373598087,-0.009894292198256993,-0.01047810038713115,0.01256746190666902
fixed_holdout,construction_management,S2,476.0,454.0,444.0,172.0,0.3873873873873873,0.3852438325991189,0.5805233480176211,0.513215859030837,490,462,441,170,0.3854875283446712,0.3781989177489178,0.5700753246753247,0.5432900432900433,14.0,8.0,-3.0,-2.0,-0.0018998590427161122,-0.007044914850201089,-0.010448023342296331,0.03007418425920627
fixed_holdout,construction_management,S3,476.0,476.0,465.0,240.0,0.5161290322580645,0.2407577731092436,0.5719855042016807,0.7689075630252101,490,490,468,241,0.5149572649572649,0.237554693877551,0.5638051020408165,0.7775510204081633,14.0,14.0,3.0,1.0,-0.0011717673007995977,-0.003203079231692607,-0.008180402160864242,0.008643457382953135
fixed_holdout,construction_management,S4,476.0,454.0,444.0,210.0,0.4729729729729729,0.3126147577092512,0.8221563876651983,0.5903083700440529,490,462,441,203,0.4603174603174603,0.2978339826839827,0.8599175324675324,0.5995670995670995,14.0,8.0,-3.0,-7.0,-0.012655512655512624,-0.014780775025268478,0.03776114480233417,0.009258729523046627
fixed_holdout,construction_management,S5,476.0,454.0,444.0,226.0,0.509009009009009,0.3177555066079295,0.7783264317180616,0.6409691629955947,490,462,441,223,0.5056689342403629,0.3159023809523809,0.765902380952381,0.6341991341991342,14.0,8.0,-3.0,-3.0,-0.003340074768646173,-0.0018531256555486264,-0.01242405076568065,-0.006770028796460492
fixed_holdout,construction_management,auto,476.0,454.0,444.0,174.0,0.3918918918918919,0.3950453744493392,0.5827977973568281,0.5242290748898678,490,462,441,174,0.3945578231292517,0.3851510822510822,0.572319696969697,0.5367965367965368,14.0,8.0,-3.0,0.0,0.0026659312373598087,-0.009894292198256993,-0.01047810038713115,0.01256746190666902
fixed_holdout,design,S1,3134.0,2923.0,2883.0,593.0,0.2056885189039195,0.3493594252480329,0.512707937050975,0.5754361956893602,3205,2920,2856,589,0.2062324929971988,0.3557645890410958,0.5160187671232876,0.5633561643835616,71.0,-3.0,-27.0,-4.0,0.0005439740932793036,0.00640516379306294,0.003310830072312698,-0.0120800313057986
fixed_holdout,design,S2,3134.0,2923.0,2883.0,598.0,0.2074228234477974,0.3445939787889155,0.5141394799863154,0.5812521382141635,3205,2920,2856,607,0.2125350140056022,0.3496623287671233,0.5178587671232877,0.5726027397260274,71.0,-3.0,-27.0,9.0,0.005112190557804819,0.0050683499782077646,0.003719287136972338,-0.008649398488136173
fixed_holdout,design,S3,3134.0,3134.0,3094.0,769.0,0.2485455720749838,0.2329964901084875,0.5134330887045309,0.8021697511167837,3205,3205,3135,785,0.2503987240829346,0.2327383151326053,0.5142394071762871,0.802808112324493,71.0,71.0,41.0,16.0,0.0018531520079508312,-0.0002581749758822083,0.0008063184717562732,0.0006383612077093259
fixed_holdout,design,S4,3134.0,2923.0,2883.0,688.0,0.2386403052375997,0.2805753677728361,0.6773335614095107,0.6654122476907287,3205,2920,2856,685,0.2398459383753501,0.2857680136986301,0.6865377739726028,0.6592465753424658,71.0,-3.0,-27.0,-3.0,0.001205633137750406,0.005192645925793993,0.009204212563092118,-0.006165672348262929
fixed_holdout,design,S5,3134.0,2923.0,2883.0,729.0,0.2528616024973985,0.2564063633253506,0.7064468012316112,0.7379404721176873,3205,2920,2856,735,0.2573529411764705,0.2576876369863013,0.706234691780822,0.7318493150684932,71.0,-3.0,-27.0,6.0,0.004491338679072032,0.0012812736609507103,-0.00021210945078919963,-0.0060911570491941625
fixed_holdout,design,auto,3134.0,2923.0,2883.0,593.0,0.2056885189039195,0.3493594252480329,0.512707937050975,0.5754361956893602,3205,2920,2856,589,0.2062324929971988,0.3557645890410958,0.5160187671232876,0.5633561643835616,71.0,-3.0,-27.0,-4.0,0.0005439740932793036,0.00640516379306294,0.003310830072312698,-0.0120800313057986
fixed_holdout,diagnosis,S1,796.0,794.0,790.0,101.0,0.1278481012658227,0.3006453400503778,0.4425831234256926,0.610831234256927,799,797,792,104,0.1313131313131313,0.2948176913425345,0.4398491844416562,0.6311166875784191,3.0,3.0,2.0,3.0,0.0034650300473086093,-0.005827648707843303,-0.0027339389840363992,0.02028545332149212
fixed_holdout,diagnosis,S2,796.0,794.0,790.0,100.0,0.1265822784810126,0.2939851385390428,0.4321890428211586,0.610831234256927,799,797,792,102,0.1287878787878787,0.2920648682559599,0.4325063989962359,0.6185696361355082,3.0,3.0,2.0,2.0,0.00220560030686609,-0.0019202702830828922,0.00031735617507727687,0.007738401878581214
fixed_holdout,diagnosis,S3,796.0,796.0,792.0,119.0,0.1502525252525252,0.1984572864321608,0.4423937185929648,0.821608040201005,799,799,794,120,0.1511335012594458,0.1984798498122653,0.4425488110137672,0.8210262828535669,3.0,3.0,2.0,1.0,0.0008809760069206085,2.2563380104506647e-05,0.00015509242080241625,-0.0005817573474380389
fixed_holdout,diagnosis,S4,796.0,794.0,790.0,104.0,0.1316455696202531,0.2524906801007556,0.6007503778337532,0.6863979848866498,799,797,792,109,0.1376262626262626,0.247642409033877,0.5971473023839398,0.7051442910915935,3.0,3.0,2.0,5.0,0.005980693006009508,-0.004848271066878601,-0.00360307544981342,0.018746306204943664
fixed_holdout,diagnosis,S5,796.0,794.0,790.0,119.0,0.150632911392405,0.2233957178841309,0.5848790931989925,0.7405541561712846,799,797,792,118,0.1489898989898989,0.2243340025094102,0.5839555834378921,0.7415307402760352,3.0,3.0,2.0,-1.0,-0.001643012402506111,0.000938284625279312,-0.0009235097611003384,0.0009765841047505441
fixed_holdout,diagnosis,auto,796.0,794.0,790.0,101.0,0.1278481012658227,0.3006453400503778,0.4425831234256926,0.610831234256927,799,797,792,104,0.1313131313131313,0.2948176913425345,0.4398491844416562,0.6311166875784191,3.0,3.0,2.0,3.0,0.0034650300473086093,-0.005827648707843303,-0.0027339389840363992,0.02028545332149212
fixed_holdout,electric_construction,S1,3642.0,3629.0,3351.0,249.0,0.0743061772605192,0.487389335905208,0.487389335905208,0.3871589969688619,3666,3640,3345,239,0.0714499252615844,0.4892777747252748,0.4892777747252748,0.3818681318681318,24.0,11.0,-6.0,-10.0,-0.0028562519989348,0.0018884388200667845,0.0018884388200667845,-0.005290865100730124
fixed_holdout,electric_construction,S2,3642.0,3629.0,3351.0,242.0,0.0722172485825126,0.4879148801322678,0.4879148801322678,0.3827500688895012,3666,3640,3345,241,0.0720478325859491,0.4892528296703297,0.4892528296703297,0.3818681318681318,24.0,11.0,-6.0,-1.0,-0.00016941599656350448,0.0013379495380618778,0.0013379495380618778,-0.0008819370213694055
fixed_holdout,electric_construction,S3,3642.0,3642.0,3364.0,244.0,0.0725326991676575,0.4871590334980779,0.4871590334980779,0.3874244920373421,3666,3666,3370,241,0.071513353115727,0.4883612384069831,0.4883612384069831,0.386797599563557,24.0,24.0,6.0,-3.0,-0.0010193460519305059,0.0012022049089052134,0.0012022049089052134,-0.0006268924737850567
fixed_holdout,electric_construction,S4,3642.0,3629.0,3351.0,277.0,0.0826618919725455,0.6035365389914578,0.6035365389914578,0.319096169743731,3666,3640,3345,274,0.0819133034379671,0.6049867307692307,0.6049867307692307,0.3186813186813186,24.0,11.0,-6.0,-3.0,-0.0007485885345784038,0.0014501917777729467,0.0014501917777729467,-0.00041485106241240244
fixed_holdout,electric_construction,S5,3642.0,3629.0,3351.0,277.0,0.0826618919725455,0.6035365389914578,0.6035365389914578,0.319096169743731,3666,3640,3345,274,0.0819133034379671,0.6049867307692307,0.6049867307692307,0.3186813186813186,24.0,11.0,-6.0,-3.0,-0.0007485885345784038,0.0014501917777729467,0.0014501917777729467,-0.00041485106241240244
fixed_holdout,electric_construction,auto,3642.0,3629.0,3351.0,249.0,0.0743061772605192,0.487389335905208,0.487389335905208,0.3871589969688619,3666,3640,3345,239,0.0714499252615844,0.4892777747252748,0.4892777747252748,0.3818681318681318,24.0,11.0,-6.0,-10.0,-0.0028562519989348,0.0018884388200667845,0.0018884388200667845,-0.005290865100730124
fixed_holdout,kepco_supervision,S1,2060.0,631.0,629.0,86.0,0.136724960254372,0.3197299524564184,0.4027519809825673,0.595879556259905,2093,640,638,88,0.1379310344827586,0.3228234375,0.40371546875,0.6015625,33.0,9.0,9.0,2.0,0.0012060742283865888,0.0030934850435815897,0.0009634877674326581,0.005682943740095037
fixed_holdout,kepco_supervision,S2,2060.0,631.0,629.0,87.0,0.1383147853736089,0.3175446909667195,0.4012654516640254,0.5863708399366085,2093,640,638,89,0.1394984326018808,0.32000421875,0.4016315625000001,0.59375,33.0,9.0,9.0,2.0,0.0011836472282719113,0.002459527783280513,0.00036611083597470895,0.0073791600633914545
fixed_holdout,kepco_supervision,S3,2060.0,631.0,629.0,100.0,0.1589825119236884,0.2741026941362915,0.4142662440570523,0.6909667194928685,2093,640,638,101,0.1583072100313479,0.27481578125,0.41427140625,0.690625,33.0,9.0,9.0,1.0,-0.0006753018923404963,0.0007130871137084882,5.1621929476608486e-06,-0.00034171949286843084
fixed_holdout,kepco_supervision,S4,2060.0,631.0,629.0,88.0,0.1399046104928457,0.3802337559429477,0.5732583201267829,0.5625990491283677,2093,640,638,91,0.1426332288401254,0.37950546875,0.5688373437500001,0.5640625,33.0,9.0,9.0,3.0,0.002728618347279693,-0.0007282871929477075,-0.004420976376782848,0.0014634508716323547
fixed_holdout,kepco_supervision,S5,2060.0,631.0,629.0,97.0,0.1542130365659777,0.3607429477020602,0.5348671949286846,0.6006339144215531,2093,640,638,100,0.1567398119122257,0.36235859375,0.53825234375,0.5984375,33.0,9.0,9.0,3.0,0.0025267753462479836,0.0016156460479397894,0.0033851488213153536,-0.002196414421553161
fixed_holdout,kepco_supervision,auto,2060.0,631.0,629.0,86.0,0.136724960254372,0.3197299524564184,0.4027519809825673,0.595879556259905,2093,640,638,88,0.1379310344827586,0.3228234375,0.40371546875,0.6015625,33.0,9.0,9.0,2.0,0.0012060742283865888,0.0030934850435815897,0.0009634877674326581,0.005682943740095037
fixed_holdout,other,S1,316.0,0.0,0.0,0.0,,,,,331,0,0,0,,,,,15.0,0.0,0.0,0.0,,,,
fixed_holdout,other,S2,316.0,0.0,0.0,0.0,,,,,331,0,0,0,,,,,15.0,0.0,0.0,0.0,,,,
fixed_holdout,other,S3,316.0,0.0,0.0,0.0,,,,,331,0,0,0,,,,,15.0,0.0,0.0,0.0,,,,
fixed_holdout,other,S4,316.0,0.0,0.0,0.0,,,,,331,0,0,0,,,,,15.0,0.0,0.0,0.0,,,,
fixed_holdout,other,S5,316.0,0.0,0.0,0.0,,,,,331,0,0,0,,,,,15.0,0.0,0.0,0.0,,,,
fixed_holdout,other,auto,316.0,0.0,0.0,0.0,,,,,331,0,0,0,,,,,15.0,0.0,0.0,0.0,,,,
fixed_holdout,residential_supervision,S1,212.0,212.0,212.0,3.0,0.0141509433962264,0.410954716981132,0.6667471698113207,0.5613207547169812,214,214,214,4,0.0186915887850467,0.4242299065420561,0.6684822429906542,0.5514018691588785,2.0,2.0,2.0,1.0,0.0045406453888203,0.013275189560924106,0.001735073179333524,-0.009918885558102719
fixed_holdout,residential_supervision,S2,212.0,212.0,212.0,4.0,0.0188679245283018,0.4073221698113207,0.6720561320754718,0.5566037735849056,214,214,214,5,0.0233644859813084,0.4188023364485981,0.667270093457944,0.5420560747663551,2.0,2.0,2.0,1.0,0.004496561453006601,0.011480166637277411,-0.004786038617527799,-0.014547698818550558
fixed_holdout,residential_supervision,S3,212.0,212.0,212.0,2.0,0.0094339622641509,0.2957141509433962,0.6750792452830189,0.6509433962264151,214,214,214,4,0.0186915887850467,0.2947238317757009,0.6705345794392524,0.6495327102803738,2.0,2.0,2.0,2.0,0.0092576265208958,-0.0009903191676953194,-0.004544665843766449,-0.0014106859460412124
fixed_holdout,residential_supervision,S4,212.0,212.0,212.0,3.0,0.0141509433962264,0.429527358490566,1.032363679245283,0.5141509433962265,214,214,214,5,0.0233644859813084,0.4060504672897195,1.0175752336448596,0.5233644859813084,2.0,2.0,2.0,2.0,0.009213542585082,-0.023476891200846506,-0.014788445600423472,0.00921354258508189
fixed_holdout,residential_supervision,S5,212.0,212.0,212.0,6.0,0.0283018867924528,0.4034985849056603,0.8483872641509433,0.5141509433962265,214,214,214,6,0.02803738317757,0.4064098130841121,0.8475471962616823,0.5093457943925234,2.0,2.0,2.0,0.0,-0.0002645036148828002,0.002911228178451797,-0.0008400678892610536,-0.004805149003703102
fixed_holdout,residential_supervision,auto,212.0,212.0,212.0,3.0,0.0141509433962264,0.410954716981132,0.6667471698113207,0.5613207547169812,214,214,214,4,0.0186915887850467,0.4242299065420561,0.6684822429906542,0.5514018691588785,2.0,2.0,2.0,1.0,0.0045406453888203,0.013275189560924106,0.001735073179333524,-0.009918885558102719
fixed_holdout,supervision,S1,1162.0,1161.0,1150.0,166.0,0.1443478260869565,0.3837422049956934,0.5561068044788975,0.5564168819982773,1188,1187,1172,167,0.1424914675767918,0.3866033698399326,0.5517747262005055,0.5341196293176074,26.0,26.0,22.0,1.0,-0.0018563585101647184,0.0028611648442392057,-0.004332078278391993,-0.022297252680669954
fixed_holdout,supervision,S2,1162.0,1161.0,1150.0,163.0,0.1417391304347826,0.3691482342807924,0.5503662360034453,0.5641688199827735,1188,1187,1172,162,0.1382252559726962,0.3729812131423757,0.5479572030328559,0.5467565290648694,26.0,26.0,22.0,-1.0,-0.003513874462086397,0.0038329788615832916,-0.0024090329705893643,-0.017412290917904083
fixed_holdout,supervision,S3,1162.0,1162.0,1151.0,218.0,0.1894005212858384,0.2478229776247848,0.547645438898451,0.7822719449225474,1188,1188,1173,221,0.1884057971014492,0.2467003367003367,0.545266835016835,0.781986531986532,26.0,26.0,22.0,3.0,-0.0009947241843892007,-0.0011226409244481095,-0.002378603881615926,-0.0002854129360153612
fixed_holdout,supervision,S4,1162.0,1161.0,1150.0,198.0,0.1721739130434782,0.3161560723514212,0.7337646856158485,0.6236003445305771,1188,1187,1172,198,0.1689419795221843,0.3153831508003369,0.7169522325189555,0.6208930075821398,26.0,26.0,22.0,0.0,-0.003231933521293917,-0.0007729215510842713,-0.016812453096893054,-0.002707336948437278
fixed_holdout,supervision,S5,1162.0,1161.0,1150.0,204.0,0.177391304347826,0.2709698535745047,0.7427746770025839,0.6968130921619293,1188,1187,1172,209,0.1783276450511945,0.2724743892165122,0.7463647009267059,0.6882898062342039,26.0,26.0,22.0,5.0,0.00093634070336851,0.0015045356420074762,0.003590023924121999,-0.008523285927725444
fixed_holdout,supervision,auto,1162.0,1161.0,1150.0,166.0,0.1443478260869565,0.3837422049956934,0.5561068044788975,0.5564168819982773,1188,1187,1172,167,0.1424914675767918,0.3866033698399326,0.5517747262005055,0.5341196293176074,26.0,26.0,22.0,1.0,-0.0018563585101647184,0.0028611648442392057,-0.004332078278391993,-0.022297252680669954
new_period,all,S1,0.0,0.0,0.0,0.0,,,,,45,40,38,5,0.131578947368421,0.3530525,0.4546749999999999,0.45,45.0,40.0,38.0,5.0,,,,
new_period,all,S2,0.0,0.0,0.0,0.0,,,,,45,40,38,4,0.1052631578947368,0.34265,0.4543525,0.425,45.0,40.0,38.0,4.0,,,,
new_period,all,S3,0.0,0.0,0.0,0.0,,,,,45,40,38,8,0.2105263157894736,0.257845,0.4606874999999999,0.675,45.0,40.0,38.0,8.0,,,,
new_period,all,S4,0.0,0.0,0.0,0.0,,,,,45,40,38,7,0.1842105263157894,0.3447675,0.6007899999999999,0.45,45.0,40.0,38.0,7.0,,,,
new_period,all,S5,0.0,0.0,0.0,0.0,,,,,45,40,38,7,0.1842105263157894,0.3210999999999999,0.695665,0.6,45.0,40.0,38.0,7.0,,,,
new_period,all,auto,0.0,0.0,0.0,0.0,,,,,45,40,38,8,0.2105263157894736,0.320415,0.5232574999999999,0.55,45.0,40.0,38.0,8.0,,,,
new_period,construction_management,S1,,,,,,,,,1,1,1,0,0.0,0.299,0.4359,1.0,,,,,,,,
new_period,construction_management,S2,,,,,,,,,1,1,1,0,0.0,0.299,0.4133,1.0,,,,,,,,
new_period,construction_management,S3,,,,,,,,,1,1,1,0,0.0,0.1822,0.4719,1.0,,,,,,,,
new_period,construction_management,S4,,,,,,,,,1,1,1,0,0.0,0.299,0.921,1.0,,,,,,,,
new_period,construction_management,S5,,,,,,,,,1,1,1,0,0.0,0.299,0.921,1.0,,,,,,,,
new_period,construction_management,auto,,,,,,,,,1,1,1,0,0.0,0.1822,0.4719,1.0,,,,,,,,
new_period,design,S1,,,,,,,,,16,16,16,3,0.1875,0.41753125,0.583975,0.3125,,,,,,,,
new_period,design,S2,,,,,,,,,16,16,16,3,0.1875,0.3994375,0.58645625,0.3125,,,,,,,,
new_period,design,S3,,,,,,,,,16,16,16,5,0.3125,0.2544937499999999,0.5911,0.6875,,,,,,,,
new_period,design,S4,,,,,,,,,16,16,16,4,0.25,0.28598125,0.6912625,0.5625,,,,,,,,
new_period,design,S5,,,,,,,,,16,16,16,5,0.3125,0.2621624999999999,0.9547,0.8125,,,,,,,,
new_period,design,auto,,,,,,,,,16,16,16,5,0.3125,0.2544937499999999,0.5911,0.6875,,,,,,,,
new_period,electric_construction,S1,,,,,,,,,17,17,16,1,0.0625,0.2853117647058823,0.2853117647058823,0.5882352941176471,,,,,,,,
new_period,electric_construction,S2,,,,,,,,,17,17,16,0,0.0,0.2788941176470588,0.2788941176470588,0.5294117647058824,,,,,,,,
new_period,electric_construction,S3,,,,,,,,,17,17,16,1,0.0625,0.279035294117647,0.279035294117647,0.5882352941176471,,,,,,,,
new_period,electric_construction,S4,,,,,,,,,17,17,16,1,0.0625,0.4262588235294117,0.4262588235294117,0.2941176470588235,,,,,,,,
new_period,electric_construction,S5,,,,,,,,,17,17,16,1,0.0625,0.4262588235294117,0.4262588235294117,0.2941176470588235,,,,,,,,
new_period,electric_construction,auto,,,,,,,,,17,17,16,1,0.0625,0.4262588235294117,0.4262588235294117,0.2941176470588235,,,,,,,,
new_period,kepco_supervision,S1,,,,,,,,,3,0,0,0,,,,,,,,,,,,
new_period,kepco_supervision,S2,,,,,,,,,3,0,0,0,,,,,,,,,,,,
new_period,kepco_supervision,S3,,,,,,,,,3,0,0,0,,,,,,,,,,,,
new_period,kepco_supervision,S4,,,,,,,,,3,0,0,0,,,,,,,,,,,,
new_period,kepco_supervision,S5,,,,,,,,,3,0,0,0,,,,,,,,,,,,
new_period,kepco_supervision,auto,,,,,,,,,3,0,0,0,,,,,,,,,,,,
new_period,other,S1,,,,,,,,,2,0,0,0,,,,,,,,,,,,
new_period,other,S2,,,,,,,,,2,0,0,0,,,,,,,,,,,,
new_period,other,S3,,,,,,,,,2,0,0,0,,,,,,,,,,,,
new_period,other,S4,,,,,,,,,2,0,0,0,,,,,,,,,,,,
new_period,other,S5,,,,,,,,,2,0,0,0,,,,,,,,,,,,
new_period,other,auto,,,,,,,,,2,0,0,0,,,,,,,,,,,,
new_period,residential_supervision,S1,,,,,,,,,1,1,1,0,0.0,0.545,0.9995,0.0,,,,,,,,
new_period,residential_supervision,S2,,,,,,,,,1,1,1,0,0.0,0.545,0.6787,0.0,,,,,,,,
new_period,residential_supervision,S3,,,,,,,,,1,1,1,0,0.0,0.0693,0.7168,1.0,,,,,,,,
new_period,residential_supervision,S4,,,,,,,,,1,1,1,0,0.0,0.475,0.475,0.0,,,,,,,,
new_period,residential_supervision,S5,,,,,,,,,1,1,1,0,0.0,0.0549999999999999,0.0549999999999999,1.0,,,,,,,,
new_period,residential_supervision,auto,,,,,,,,,1,1,1,0,0.0,0.0693,0.7168,1.0,,,,,,,,
new_period,supervision,S1,,,,,,,,,5,5,4,1,0.25,0.34946,0.51154,0.4,,,,,,,,
new_period,supervision,S2,,,,,,,,,5,5,4,1,0.25,0.34596,0.59152,0.4,,,,,,,,
new_period,supervision,S3,,,,,,,,,5,5,4,2,0.5,0.2493599999999999,0.6075200000000001,0.8,,,,,,,,
new_period,supervision,S4,,,,,,,,,5,5,4,2,0.5,0.23892,0.8657999999999999,0.6,,,,,,,,
new_period,supervision,S5,,,,,,,,,5,5,4,1,0.25,0.2098,0.8657999999999999,0.8,,,,,,,,
new_period,supervision,auto,,,,,,,,,5,5,4,2,0.5,0.2493599999999999,0.6075200000000001,0.8,,,,,,,,
