period,cohort,strategy,common_events,both_evaluable,wins_old,wins_new,win_rate_change,paired_daily_ci95_low,paired_daily_ci95_high,coverage_mae_old,coverage_mae_new
all,common_events,S1,45874,35367,5347,5601,0.007181836174965363,0.004637300192902275,0.009874400754479085,0.40696814261882547,0.3936225181666525
all,common_events,S2,45874,35366,5461,5644,0.005174461347056495,0.0029382045860901923,0.007500266671938377,0.3998137052536334,0.38885432053384605
all,common_events,S3,45874,37092,7074,7071,-8.087997411840829e-05,-0.0015589580822407338,0.001372351160786497,0.3063003450878895,0.3050119675401704
all,common_events,S4,45874,35366,6424,6433,0.0002544817055929424,-0.0024360718752788747,0.0030236606570335587,0.42594840242040377,0.4201428688570944
all,common_events,S5,45874,35366,7029,7063,0.0009613753322400045,-0.0008535499927720477,0.002982929346401228,0.4025489933834756,0.40239868517785443
all,common_events,auto,45874,35367,5347,5601,0.007181836174965363,0.004637300192902275,0.009874400754479085,0.40696814261882547,0.3936225181666525
all,common_unchanged_outcomes,S1,45759,35274,5313,5571,0.007314169076373533,0.004745344627705467,0.00999338273136139,0.4070938339853717,0.3937939842376821
all,common_unchanged_outcomes,S2,45759,35273,5426,5610,0.00521645451194965,0.003007008451891743,0.007508006626995203,0.39994145096816264,0.38902317069713377
all,common_unchanged_outcomes,S3,45759,36999,7032,7027,-0.00013513878753479823,-0.0016191768736642665,0.0013317714997973988,0.3064872428984567,0.30519564853104136
all,common_unchanged_outcomes,S4,45759,35273,6388,6398,0.00028350296260595923,-0.002449858861003786,0.003034921238445442,0.42624038216199356,0.4204121962974513
all,common_unchanged_outcomes,S5,45759,35273,6991,7025,0.0009639100728602613,-0.0008500120998457403,0.002951212487936211,0.4029666572165679,0.4028109176990899
all,common_unchanged_outcomes,auto,45759,35274,5313,5571,0.007314169076373533,0.004745344627705467,0.00999338273136139,0.4070938339853717,0.3937939842376821
fixed_holdout,common_events,S1,11593,9217,1306,1297,-0.000976456547683628,-0.0048130769248695545,0.003191722515926046,0.3946818813062819,0.39611140284257357
fixed_holdout,common_events,S2,11593,9217,1300,1306,0.0006509710317890853,-0.0030131056079284223,0.004534735657230621,0.3903488011283498,0.39162935879353367
fixed_holdout,common_events,S3,11593,9520,1625,1623,-0.0002100840336134454,-0.0014189717763708435,0.001049912929566105,0.3205863340336134,0.3206250735294118
fixed_holdout,common_events,S4,11593,9217,1496,1487,-0.000976456547683628,-0.005117310808519762,0.0032447337692021404,0.4050563306932841,0.4040389497667354
fixed_holdout,common_events,S5,11593,9217,1583,1582,-0.00010849517196484756,-0.0015801890162013888,0.0014270593488886403,0.38906680047737874,0.3891256374091353
fixed_holdout,common_events,auto,11593,9217,1306,1297,-0.000976456547683628,-0.0048130769248695545,0.003191722515926046,0.3946818813062819,0.39611140284257357
fixed_holdout,common_unchanged_outcomes,S1,11573,9201,1298,1290,-0.0008694707097054668,-0.0047019519960328415,0.0032892055947443305,0.39482180197804584,0.39625815672209547
fixed_holdout,common_unchanged_outcomes,S2,11573,9201,1292,1299,0.0007607868709922835,-0.0029305937796471277,0.0046669367997389305,0.39051859580480386,0.39179348983806106
fixed_holdout,common_unchanged_outcomes,S3,11573,9504,1616,1614,-0.00021043771043771043,-0.0014215940878840251,0.0010510219478552037,0.3208611216329966,0.3208986216329966
fixed_holdout,common_unchanged_outcomes,S4,11573,9201,1488,1479,-0.00097815454841865,-0.005125506400173097,0.003250885598393558,0.40533508314313654,0.40428045864579937
fixed_holdout,common_unchanged_outcomes,S5,11573,9201,1577,1576,-0.00010868383871318335,-0.0015826720341124542,0.00142955829651093,0.3893301162917074,0.3893890881425932
fixed_holdout,common_unchanged_outcomes,auto,11573,9201,1298,1290,-0.0008694707097054668,-0.0047019519960328415,0.0032892055947443305,0.39482180197804584,0.39625815672209547
fixed_audit,common_events,S1,3210,2683,393,380,-0.004845322400298174,-0.01229664170428099,0.002969220701560392,0.4045590756615728,0.4036361535594484
fixed_audit,common_events,S2,3210,2683,394,377,-0.00633619083115915,-0.013539051748947524,0.0007207728147373971,0.3996509504286247,0.3987539694371971
fixed_audit,common_events,S3,3210,2709,466,458,-0.0029531192321889995,-0.006931776723823422,0.0007300814820983848,0.3331967146548542,0.333419453672942
fixed_audit,common_events,S4,3210,2683,437,426,-0.004099888184867686,-0.010977041926456524,0.0029508446102358503,0.4314947074170704,0.42912061125605666
fixed_audit,common_events,S5,3210,2683,468,468,0.0,-0.00413393987251136,0.004633383798116976,0.41108382407752514,0.4109618710398807
fixed_audit,common_events,auto,3210,2683,393,380,-0.004845322400298174,-0.01229664170428099,0.002969220701560392,0.4045590756615728,0.4036361535594484
fixed_audit,common_unchanged_outcomes,S1,3207,2681,393,380,-0.00484893696381947,-0.012304280922156881,0.00297038107903298,0.4045881760537112,0.40366020141738157
fixed_audit,common_unchanged_outcomes,S2,3207,2681,394,377,-0.006340917568071615,-0.013539051748947524,0.000720785885342847,0.39968116374487134,0.3987791868705707
fixed_audit,common_unchanged_outcomes,S3,3207,2707,466,458,-0.0029553010712966383,-0.006934433200215406,0.0007300882577427079,0.33332238640561507,0.33354769117103805
fixed_audit,common_unchanged_outcomes,S4,3207,2681,437,426,-0.004102946661693398,-0.010985191920801489,0.0029541415507854667,0.43159216710182763,0.42920883998508014
fixed_audit,common_unchanged_outcomes,S5,3207,2681,468,468,0.0,-0.0041371274680065155,0.004638667223933982,0.41126669153301,0.411137187616561
fixed_audit,common_unchanged_outcomes,auto,3207,2681,393,380,-0.00484893696381947,-0.012304280922156881,0.00297038107903298,0.4045881760537112,0.40366020141738157
