개찰일,공고번호,공고명,발주기관,용역분류,분석구분,기초금액,실제사정율,입찰범위,현행업체수,제안업체수,변경대상,현행추천1,현행추천2,제안추천1,제안추천2,제안추천3,현행최적추천,현행최적순번,제안최적추천,제안최적순번,현행오차,제안오차,현행편향,제안편향,오차개선
2023-01-30,E012300363-1,부산항 신항 남컨 항만배후단지 배전간선설치공사(1공구) 감리용역 [제한],한국전력공사 부산울산본부,감리,한전 감리 지역제한 3개사,131884551.0,-0.7032,지역제한,2,3,True,-0.303,-0.303,-0.303,-0.303,-0.303,-0.303,1,-0.303,1,0.40020000000000006,0.40020000000000006,0.40020000000000006,0.40020000000000006,0.0
2023-02-15,E012300742-1,서부산S/S 345kV #2M.Tr 고장복구 대체공사 책임감리용역 [제한][공가],한국전력공사 부산울산본부,감리,한전 감리 지역제한 3개사,200202005.0,-0.6385,지역제한,2,3,True,1.4928,-0.1898,1.4928,-0.1898,-0.1898,-0.1898,2,-0.1898,2,0.4487,0.4487,0.4487,0.4487,0.0
2023-02-28,E012301102-1,인보D/L 수지상선로 연계력확보 선로 보강공사 감리용역 [제한],한국전력공사 부산울산본부,감리,한전 감리 지역제한 3개사,103835659.0,0.1324,지역제한,2,3,True,0.5544,-0.1184,0.5544,-0.1184,-0.12,-0.1184,2,-0.1184,2,0.2508,0.2508,-0.2508,-0.2508,0.0
2023-03-02,E012301105-1,"거제2구역 레이카운티아파트 17,500kW 신설공사 감리용역 [제한]",한국전력공사 부산울산본부,감리,한전 감리 지역제한 3개사,121141604.0,0.161,지역제한,2,3,True,-0.7096,-0.0899,-0.7096,-0.0899,0.56,-0.0899,2,-0.0899,2,0.2509,0.2509,-0.2509,-0.2509,0.0
2023-03-03,E012301195-1,"북부동 디엘건설(주) 경전철 환승역사 20,000kW 신설공사 감리용역 ",한국전력공사 부산울산본부,감리,한전 감리 지역제한 3개사,132678899.0,0.318,지역제한,2,3,True,-0.0286,-0.1297,-0.0286,-0.1297,0.16,-0.0286,1,0.16,3,0.3466,0.158,-0.3466,-0.158,0.18860000000000002
2023-03-14,E012301531-1,서부산 명동지구 배전간선 설치공사 감리용역 [제한],한국전력공사 부산울산본부,감리,한전 감리 지역제한 3개사,180750965.0,-0.0491,지역제한,2,3,True,0.318,-0.1077,0.318,-0.1077,-0.12,-0.1077,2,-0.1077,2,0.058600000000000006,0.058600000000000006,-0.058600000000000006,-0.058600000000000006,0.0
2023-03-24,E012301923-1,산막S/S 용량부족 해소 선로확충공사 감리 [제한],한국전력공사 부산울산본부,감리,한전 감리 지역제한 3개사,119218721.0,0.1024,지역제한,2,3,True,-0.5595,-0.0538,-0.5595,-0.0538,0.08,-0.0538,2,0.08,3,0.1562,0.022400000000000003,-0.1562,-0.022400000000000003,0.1338
2023-03-24,E012301967-1,345kV 신김해-신녹산 등 5개 T/L 철탑보강공사 책임감리용역 [제한][공가],한국전력공사 부산울산본부,감리,한전 감리 지역제한 3개사,167391202.0,-0.1253,지역제한,2,3,True,-0.5595,-0.0538,-0.5595,-0.0538,0.08,-0.0538,2,-0.0538,2,0.0715,0.0715,0.0715,0.0715,0.0
2023-03-27,E012301995-1,온산원산 세진중공업 20MW 수급지점 변경공사 감리용역 [제한],한국전력공사 부산울산본부,감리,한전 감리 지역제한 3개사,103835659.0,-0.1426,지역제한,2,3,True,0.338,-0.0561,0.338,-0.0561,-0.36,-0.0561,2,-0.0561,2,0.08650000000000001,0.08650000000000001,0.08650000000000001,0.08650000000000001,0.0
2023-03-31,E012302183-1,송정동 해운대구청 교통체계개선 지장전주 이설공사 감리용역 [제한],한국전력공사 부산울산본부,감리,한전 감리 지역제한 3개사,103835659.0,-0.2601,지역제한,2,3,True,-0.1928,-0.0968,-0.1928,-0.0968,0.32,-0.1928,1,-0.1928,1,0.0673,0.0673,0.0673,0.0673,0.0
2023-04-12,E012302553-1,동울산 모바일테크밸리 일반산단 간선설치공사 감리용역 [제한],한국전력공사 부산울산본부,감리,한전 감리 지역제한 3개사,194211144.0,-0.1358,지역제한,2,3,True,-0.454,-0.0022,-0.454,-0.0022,0.32,-0.0022,2,-0.0022,2,0.1336,0.1336,0.1336,0.1336,0.0
2023-04-18,E012302760-1,"울산 다운2공공주택지구 간선설치공사(1공구, 전기) 감리용역 [제한]",한국전력공사 부산울산본부,감리,한전 감리 지역제한 3개사,223054383.0,0.2753,지역제한,2,3,True,-0.3228,-0.0889,-0.3228,-0.0889,-0.3,-0.0889,2,-0.0889,2,0.36419999999999997,0.36419999999999997,-0.36419999999999997,-0.36419999999999997,0.0
2023-05-09,E012303580-1,방어진S/S 연계력 확보를 위한 강동D/L 선로강화공사 감리용역 [제한],한국전력공사 부산울산본부,감리,한전 감리 지역제한 3개사,169213670.0,-0.1034,지역제한,2,3,True,-0.4845,-0.0413,-0.4845,-0.0413,-0.3,-0.0413,2,-0.0413,2,0.0621,0.0621,0.0621,0.0621,0.0
2023-05-22,E012304108-1,송정동 비상(950kW) 등 3호 2MW 신설공사 감리용역 [제한],한국전력공사 부산울산본부,감리,한전 감리 지역제한 3개사,192288263.0,-0.0119,지역제한,2,3,True,-0.7041,-0.0999,-0.7041,-0.0999,-0.7,-0.0999,2,-0.0999,2,0.088,0.088,-0.088,-0.088,0.0
2023-07-04,E012305436-1,미포1길 특화거리 도시재생 배전선로 지중화공사 감리용역 [제한],한국전력공사 부산울산본부,감리,한전 감리 지역제한 3개사,140370430.0,1.1839,지역제한,2,3,True,-0.7203,-0.0097,-0.7203,-0.0097,-0.3,-0.0097,2,-0.0097,2,1.1936,1.1936,-1.1936,-1.1936,0.0
2023-08-01,E012306274-1,김해종합운동장 환경개선 지중화공사 감리용역 [제한],한국전력공사 부산울산본부,감리,한전 감리 지역제한 3개사,109604307.0,-0.7916,지역제한,2,3,True,-0.7444,-0.0372,-0.7444,-0.0372,-0.66,-0.7444,1,-0.7444,1,0.04720000000000002,0.04720000000000002,0.04720000000000002,0.04720000000000002,0.0
2023-08-01,E012306279-1,울산 에너지융합 단지밖 지향성 압입공사 감리용역 [제한],한국전력공사 부산울산본부,감리,한전 감리 지역제한 3개사,224977266.0,-0.4452,지역제한,2,3,True,-0.7444,0.0179,-0.7444,0.0179,-0.66,-0.7444,1,-0.66,3,0.29919999999999997,0.21480000000000005,-0.29919999999999997,-0.21480000000000005,0.08439999999999992
2023-08-23,E012306875-1,"김해 진례 공급촉진지구 간선설치공사(단지내, 관로) 감리용역 [제한]",한국전력공사 부산울산본부,감리,한전 감리 지역제한 3개사,237902902.0,-0.1345,지역제한,2,3,True,-0.7928,-0.0723,-0.7928,-0.0723,-0.22,-0.0723,2,-0.0723,2,0.062200000000000005,0.062200000000000005,0.062200000000000005,0.062200000000000005,0.0
2023-09-01,E012307155-1,연제구 남문초등학교 통학로 지중화공사 감리용역 [제한],한국전력공사 부산울산본부,감리,한전 감리 지역제한 3개사,165367904.0,-0.7478,지역제한,2,3,True,-0.2098,-0.1443,-0.2098,-0.1443,0.38,-0.2098,1,-0.2098,1,0.538,0.538,0.538,0.538,0.0
2023-10-04,E012307999-1,"동면 석산리 부산교통공사 산업용(을)고압A 10,200kw 신설공사 감리용역 [제한]",한국전력공사 부산울산본부,감리,한전 감리 지역제한 3개사,167290786.0,1.272,지역제한,2,3,True,-0.5616,-0.3086,-0.5616,-0.3086,-0.7,-0.3086,2,-0.3086,2,1.5806,1.5806,-1.5806,-1.5806,0.0
2023-10-19,E012308447-1,김해 이노비즈밸리 일반산단 단지밖 배전간선 설치공사 감리용역 [제한],한국전력공사 부산울산본부,감리,한전 감리 지역제한 3개사,173059436.0,-0.7711,지역제한,2,3,True,-0.2537,-0.0924,-0.2537,-0.0924,0.34,-0.2537,1,-0.2537,1,0.5174000000000001,0.5174000000000001,0.5174000000000001,0.5174000000000001,0.0
2023-10-31,E012308762-1,"울산 다운2공공주택지구 간선설치공사(2공구,전기) 감리용역 [제한]",한국전력공사 부산울산본부,감리,한전 감리 지역제한 3개사,190365379.0,-0.4029,지역제한,2,3,True,-0.3081,-0.1199,-0.3081,-0.1199,0.32,-0.3081,1,-0.3081,1,0.0948,0.0948,0.0948,0.0948,0.0
2023-12-26,E012310630-1,감만1구역 주택 재개발 지장전주공사 감리용역 [제한],한국전력공사 부산울산본부,감리,한전 감리 지역제한 3개사,149984844.0,0.1955,지역제한,2,3,True,-0.7953,-0.2119,-0.7953,-0.2119,-0.7,-0.2119,2,-0.2119,2,0.4074,0.4074,-0.4074,-0.4074,0.0
2024-01-08,E012311009-1,울산 화합로 4차(터미널사거리-시외버스삼거리) 지중화 공사 감리용역 [제한],한국전력공사 부산울산본부,감리,한전 감리 지역제한 3개사,101912778.0,0.2715,지역제한,2,3,True,-0.5037,-0.1782,-0.5037,-0.1782,-0.26,-0.1782,2,-0.1782,2,0.4497,0.4497,-0.4497,-0.4497,0.0
2024-01-12,E012400123-1,중앙대로 확장 지장이설공사 감리용역 [제한],한국전력공사 부산울산본부,감리,한전 감리 지역제한 3개사,159599256.0,-0.4666,지역제한,2,3,True,-0.4123,-0.1632,-0.4123,-0.1632,-0.5,-0.4123,1,-0.5,3,0.054300000000000015,0.033399999999999985,0.054300000000000015,-0.033399999999999985,0.02090000000000003
2024-02-23,E012401223-1,"괘법동 도시철도 사상하단선 501변전소 15,650kW 신설공사 감리용역 [제한]",한국전력공사 부산울산본부,감리,한전 감리 지역제한 3개사,153830609.0,0.6907,지역제한,2,3,True,-0.2255,-0.1757,-0.2255,-0.1757,-0.22,-0.1757,2,-0.1757,2,0.8664,0.8664,-0.8664,-0.8664,0.0
2024-03-05,E012401570-1,양정1구역 재개발조합 일반인요청 지중화공사 감리용역 [제한],한국전력공사 부산울산본부,감리,한전 감리 지역제한 3개사,206541136.0,0.0488,지역제한,2,3,True,-0.1937,-0.1739,-0.1937,-0.1739,-0.14,-0.1739,2,-0.14,3,0.2227,0.18880000000000002,-0.2227,-0.18880000000000002,0.033899999999999986
2024-03-06,E012401653-1,154kV 북부산-삼랑진 등 2개T/L 철탑보강 등 대체공사 책임감리용역 [제한][공가],한국전력공사 부산울산본부,감리,한전 감리 지역제한 3개사,213940100.0,0.5093,지역제한,2,3,True,-0.8247,-0.1404,-0.8247,-0.1404,-0.7,-0.1404,2,-0.1404,2,0.6496999999999999,0.6496999999999999,-0.6496999999999999,-0.6496999999999999,0.0
2024-03-19,E012402126-1,"동면 가산리 부산교통공사 20,000kW 예비전력 신설공사 감리용역 [제한]",한국전력공사 부산울산본부,감리,한전 감리 지역제한 3개사,103270566.0,-0.611,지역제한,2,3,True,-0.7521,-0.0889,-0.7521,-0.0889,-0.7,-0.7521,1,-0.7,3,0.1411,0.08899999999999997,-0.1411,-0.08899999999999997,0.052100000000000035
2024-04-04,E012402831-1,동래구 동래역 일원 지중화공사 감리용역 [제한],한국전력공사 부산울산본부,감리,한전 감리 지역제한 3개사,150034599.0,-0.7034,지역제한,2,3,True,-0.8702,-0.1533,-0.8702,-0.1533,-0.22,-0.8702,1,-0.8702,1,0.16679999999999995,0.16679999999999995,-0.16679999999999995,-0.16679999999999995,0.0
2024-04-08,E012403032-1,2024-2025년 서부산전력지사 가공송전협력회사 공사 책임감리용역 [제한][공가],한국전력공사 부산울산본부,감리,한전 감리 지역제한 3개사,222407900.0,0.1469,지역제한,2,3,True,-0.8698,-0.1306,-0.8698,-0.1306,-0.7,-0.1306,2,-0.1306,2,0.27749999999999997,0.27749999999999997,-0.27749999999999997,-0.27749999999999997,0.0
2024-05-22,E012404381-1,신문동 두산건설(스카이시티) 14000kW 신설 감리용역 [제한],한국전력공사 부산울산본부,감리,한전 감리 지역제한 3개사,224857050.0,-0.0506,지역제한,2,3,True,-0.4857,-0.0944,-0.4857,-0.0944,-0.32,-0.0944,2,-0.0944,2,0.0438,0.0438,-0.0438,-0.0438,0.0
2024-05-22,E012404407-1,물금읍 복지APT재건축정비사업조합 지중화지장이설공사 감리용역 [제한],한국전력공사 부산울산본부,감리,한전 감리 지역제한 3개사,105219069.0,-0.0602,지역제한,2,3,True,-0.4857,-0.0709,-0.4857,-0.0709,-0.32,-0.0709,2,-0.0709,2,0.010700000000000008,0.010700000000000008,-0.010700000000000008,-0.010700000000000008,0.0
2024-06-13,E012405159-1,삼동조일 한수원 연료전지 8.8MW 신설공사 감리용역 [제한],한국전력공사 부산울산본부,감리,한전 감리 지역제한 3개사,148086099.0,0.3704,지역제한,2,3,True,-0.2459,-0.0706,-0.2459,-0.0706,-0.12,-0.0706,2,-0.0706,2,0.441,0.441,-0.441,-0.441,0.0
2024-07-17,E012406097-1,한국원자력 환경복원 연구원 7MW 신설공사 감리용역 [제한],한국전력공사 부산울산본부,감리,한전 감리 지역제한 3개사,241072497.0,0.3475,지역제한,2,3,True,-0.364,0.0499,-0.364,0.0499,-0.06,0.0499,2,0.0499,2,0.2976,0.2976,-0.2976,-0.2976,0.0
2024-08-22,E012407046-1,수영S/S 석대D/L 불량 관로 및 케이블 복구 강관 압입공사 감리용역 [제한],한국전력공사 부산울산본부,감리,한전 감리 지역제한 3개사,113676373.0,-0.0785,지역제한,2,3,True,-0.5779,-0.1659,-0.5779,-0.1659,0.14,-0.1659,2,-0.1659,2,0.08739999999999999,0.08739999999999999,-0.08739999999999999,-0.08739999999999999,0.0
2024-12-13,E012410770-1,"김해 진례 공급촉진지구 간선설치공사(단지 내, 전기) 감리용역 [제한]",한국전력공사 부산울산본부,감리,한전 감리 지역제한 3개사,160361654.0,-0.1787,지역제한,2,3,True,-0.2002,0.0177,-0.2002,0.0177,-0.14,-0.2002,1,-0.2002,1,0.02149999999999999,0.02149999999999999,-0.02149999999999999,-0.02149999999999999,0.0
2025-01-20,E012500125-1,중앙대로 확장 지장이설공사(2차) 감리용역 [제한],한국전력공사 부산울산본부,감리,한전 감리 지역제한 3개사,148086099.0,0.1288,지역제한,2,3,True,-0.6626,-0.0615,-0.6626,-0.0615,0.28,-0.0615,2,0.28,3,0.1903,0.15120000000000003,-0.1903,0.15120000000000003,0.03909999999999997
2025-03-18,E012501706-1,대동면 대동첨단산업단지 진입도로 지장전주 이설공사 감리용역 [제한],한국전력공사 부산울산본부,감리,한전 감리 지역제한 3개사,110972103.0,-0.1978,지역제한,2,3,True,-0.5804,-0.0691,-0.5804,-0.0691,0.06,-0.0691,2,-0.0691,2,0.1287,0.1287,0.1287,0.1287,0.0
2025-03-21,E012501923-1,양산 양주초 지중화공사 감리용역 [제한],한국전력공사 부산울산본부,감리,한전 감리 지역제한 3개사,189969193.0,-0.0459,지역제한,2,3,True,-0.8362,-0.0916,-0.8362,-0.0916,-0.06,-0.0916,2,-0.06,3,0.0457,0.014099999999999994,-0.0457,-0.014099999999999994,0.0316
2025-03-25,E012502000-1,용연S/S 용신D/L 용량부족 해소 선로확충공사 감리용역 [제한],한국전력공사 부산울산본부,감리,한전 감리 지역제한 3개사,112852986.0,0.0169,지역제한,2,3,True,-0.4598,-0.1443,-0.4598,-0.1443,-0.06,-0.1443,2,-0.06,3,0.1612,0.0769,-0.1612,-0.0769,0.08430000000000001
2025-03-26,E012502082-1,신녹산S/S#1M.Tr 증설 인출변경 책임감리용역 [제한][공가],한국전력공사 부산울산본부,감리,한전 감리 지역제한 3개사,204912400.0,0.5191,지역제한,2,3,True,-0.0193,-0.1141,-0.0193,-0.1141,-0.02,-0.0193,1,-0.0193,1,0.5384,0.5384,-0.5384,-0.5384,0.0
2025-04-03,E012502359-1,강서구 공군 지능형 전력망 수전설비 전기공사 감리용역 [제한],한국전력공사 부산울산본부,감리,한전 감리 지역제한 3개사,120376518.0,-0.0269,지역제한,2,3,True,-0.4236,-0.0525,-0.4236,-0.0525,0.06,-0.0525,2,-0.0525,2,0.025599999999999998,0.025599999999999998,-0.025599999999999998,-0.025599999999999998,0.0
2025-04-07,E012502429-1,신녹산S/S#1M.Tr 증설 인출변경 책임감리용역(재공고) [제한][공가],한국전력공사 부산울산본부,감리,한전 감리 지역제한 3개사,204912400.0,-0.4882,지역제한,2,3,True,-0.0269,0.0292,-0.0269,0.0292,0.06,-0.0269,1,-0.0269,1,0.46130000000000004,0.46130000000000004,0.46130000000000004,0.46130000000000004,0.0
2025-04-09,E012502554-1,석계S/S 신설에 따른 산막S/S 연계력확보공사 감리용역 [제한],한국전력공사 부산울산본부,감리,한전 감리 지역제한 3개사,148589766.0,0.1204,지역제한,2,3,True,-0.5528,-0.0876,-0.5528,-0.0876,-0.44,-0.0876,2,-0.0876,2,0.208,0.208,-0.208,-0.208,0.0
2025-04-17,E012502858-1,"새울(덕골/신리지구 관로분) 3, 4호기 이주단지 간선설치공사 통합감리용역 [제한]",한국전력공사 부산울산본부,감리,한전 감리 지역제한 3개사,220063323.0,0.126,지역제한,2,3,True,-0.5918,0.0985,-0.5918,0.0985,-0.42,0.0985,2,0.0985,2,0.027499999999999997,0.027499999999999997,-0.027499999999999997,-0.027499999999999997,0.0
2025-04-18,E012502830-1,세산S/S 신설에 따른 3회선 선로확충공사 감리용역 [제한],한국전력공사 부산울산본부,감리,한전 감리 지역제한 3개사,112664899.0,0.3643,지역제한,2,3,True,-0.082,0.0248,-0.082,0.0248,-0.42,0.0248,2,0.0248,2,0.3395,0.3395,-0.3395,-0.3395,0.0
2025-04-22,E012502987-1,345kV 북부산-고리NP T/L 상부재보강 및 154kV 4개T/L 피뢰기설치공사 책임감리용역 [제한][공가],한국전력공사 부산울산본부,감리,한전 감리 지역제한 3개사,160488900.0,0.464,지역제한,2,3,True,-0.2383,0.0285,-0.2383,0.0285,0.06,0.0285,2,0.06,3,0.4355,0.404,-0.4355,-0.404,0.03149999999999997
2025-04-25,E012503099-1,345kV 북부산-고리NP 등 7개T/L 송전보강공사 책임감리용역 [제한][공가],한국전력공사 부산울산본부,감리,한전 감리 지역제한 3개사,159920200.0,0.7819,지역제한,2,3,True,-0.521,0.0373,-0.521,0.0373,-0.06,0.0373,2,0.0373,2,0.7446,0.7446,-0.7446,-0.7446,0.0
2025-05-23,E012503768-1,345kV 북부산-고리NP T/L 상부재보강 및 154kV 4개T/L 피뢰기설치공사 책임감리용역[(재공고)] [제한][공가],한국전력공사 부산울산본부,감리,한전 감리 지역제한 3개사,160488900.0,-0.3448,지역제한,2,3,True,-0.8215,-0.0284,-0.8215,-0.0284,-0.06,-0.0284,2,-0.06,3,0.3164,0.2848,0.3164,0.2848,0.03160000000000002
2025-05-26,E012503824-1,북부산S/S 345kV #2Sh.R 교체공사 감리용역[재투찰] [제한][공가],한국전력공사 부산울산본부,감리,한전 감리 지역제한 3개사,196319200.0,0.4449,지역제한,2,3,True,-0.6063,-0.022,-0.6063,-0.022,-0.44,-0.022,2,-0.022,2,0.46690000000000004,0.46690000000000004,-0.46690000000000004,-0.46690000000000004,0.0
2025-05-26,E012503834-1,송정동 비상등 2MW신설 수평오거천공 강관압입 감리용역 [제한],한국전력공사 부산울산본부,감리,한전 감리 지역제한 3개사,135423440.0,0.5998,지역제한,2,3,True,-0.6063,-0.022,-0.6063,-0.022,-0.44,-0.022,2,-0.022,2,0.6218,0.6218,-0.6218,-0.6218,0.0
2025-06-26,E012504516-1,북부산S/S 345kV #2Sh.R 교체공사 감리용역[(재공고)] [제한][공가],한국전력공사 부산울산본부,감리,한전 감리 지역제한 3개사,196319200.0,-0.6883,지역제한,2,3,True,-0.8164,-0.0188,-0.8164,-0.0188,-0.44,-0.8164,1,-0.8164,1,0.1281,0.1281,-0.1281,-0.1281,0.0
2025-07-11,E012504878-1,345kV 신울산-신온산 등 31개 T/L 폴리머지지애자 및 추락방지장치 설치공사 책임감리용역 [제한][공가],한국전력공사 부산울산본부,감리,한전 감리 지역제한 3개사,244846800.0,0.4397,지역제한,2,3,True,-0.2303,-0.0823,-0.2303,-0.0823,0.06,-0.0823,2,0.06,3,0.522,0.3797,-0.522,-0.3797,0.14230000000000004
2025-07-18,E012505057-1,유원D/L 등 2개선로 용량부족해소 선로확충공사 감리용역 [제한],한국전력공사 부산울산본부,감리,한전 감리 지역제한 3개사,193730960.0,-0.29,지역제한,2,3,True,-0.0335,-0.0017,-0.0335,-0.0017,0.06,-0.0335,1,-0.0335,1,0.25649999999999995,0.25649999999999995,0.25649999999999995,0.25649999999999995,0.0
2025-07-30,E012505366-1,"신평동 ㈜포유산업 일반용 16,500kW 신설공사 감리용역 [제한]",한국전력공사 부산울산본부,감리,한전 감리 지역제한 3개사,163824917.0,-0.7214,지역제한,2,3,True,0.2988,-0.0827,0.2988,-0.0827,-0.22,-0.0827,2,-0.22,3,0.6387,0.5014000000000001,0.6387,0.5014000000000001,0.13729999999999998
2025-08-12,E012505672-1,야음동 성지디앤디 지중화공사 감리용역 [제한],한국전력공사 부산울산본부,감리,한전 감리 지역제한 3개사,173041246.0,0.5252,지역제한,2,3,True,-0.7214,-0.0991,-0.7214,-0.0991,0.06,-0.0991,2,0.06,3,0.6243,0.4652,-0.6243,-0.4652,0.15909999999999996
2025-09-04,E012506286-1,김해 사이언스파크 일반산업단지 간선설치공사 감리용역 [제한],한국전력공사 부산울산본부,감리,한전 감리 지역제한 3개사,212539792.0,-0.313,지역제한,2,3,True,0.0844,-0.1336,0.0844,-0.1336,-0.44,-0.1336,2,-0.44,3,0.1794,0.127,0.1794,-0.127,0.0524
2025-09-11,E012506412-1,서울산 길천산단 단지외 태화강횡단 지향성 압입공사 감리용역 [제한],한국전력공사 부산울산본부,감리,한전 감리 지역제한 3개사,171727600.0,0.8022,지역제한,2,3,True,-0.4175,-0.0807,-0.4175,-0.0807,-0.44,-0.0807,2,-0.0807,2,0.8829,0.8829,-0.8829,-0.8829,0.0
2025-09-26,E012506666-1,울주군 덕남로1차 도시재생 지중화공사 감리용역 [제한],한국전력공사 부산울산본부,감리,한전 감리 지역제한 3개사,248276574.0,-0.6488,지역제한,2,3,True,-0.3925,-0.1012,-0.3925,-0.1012,-0.06,-0.3925,1,-0.3925,1,0.25630000000000003,0.25630000000000003,0.25630000000000003,0.25630000000000003,0.0
2025-11-17,E012507817-1,"김해 신문1지구, 장유신문지구 배전간선 설치공사 감리용역 [제한]",한국전력공사 부산울산본부,감리,한전 감리 지역제한 3개사,127900049.0,0.4996,지역제한,2,3,True,-0.6927,-0.2385,-0.6927,-0.2385,-0.08,-0.2385,2,-0.08,3,0.7381,0.5796,-0.7381,-0.5796,0.15849999999999997
2025-12-15,E012508486-1,"우암동 우암1구역 주택용 9,700kW 1회선 신설공사 감리용역 [제한]",한국전력공사 부산울산본부,감리,한전 감리 지역제한 3개사,133542698.0,-1.3305,지역제한,2,3,True,-0.3585,0.029,-0.3585,0.029,-0.42,-0.3585,1,-0.42,3,0.972,0.9105000000000001,0.972,0.9105000000000001,0.06149999999999989
2026-01-21,E012600146-1,울산종건 농소-강동간(1공구) 도로개설공사 지장전주 이설공사 감리 [제한],한국전력공사 부산울산본부,감리,한전 감리 지역제한 3개사,166547389.0,0.1872,지역제한,2,3,True,-0.3608,0.0118,-0.3608,0.0118,0.06,0.0118,2,0.06,3,0.1754,0.1272,-0.1754,-0.1272,0.04819999999999999
2026-02-06,E012600481-1,새울(신리-덕골지구 전기분) 이주단지 간선설치공사 통합감리 [제한],한국전력공사 부산울산본부,감리,한전 감리 지역제한 3개사,169279481.0,0.4815,지역제한,2,3,True,-0.075,0.0468,-0.075,0.0468,0.12,0.0468,2,0.12,3,0.4347,0.3615,-0.4347,-0.3615,0.07319999999999999
2026-03-09,E012601297-1,새울(신리-덕골지구 전기분) 이주단지 간선설치공사 통합감리[(재공고)] [제한],한국전력공사 부산울산본부,감리,한전 감리 지역제한 3개사,169279481.0,0.3821,지역제한,2,3,True,0.364,0.0108,0.364,0.0108,0.12,0.364,1,0.364,1,0.018100000000000005,0.018100000000000005,-0.018100000000000005,-0.018100000000000005,0.0
2026-03-13,E012601468-1,부산광역시건설본부 엄궁대교 건설 지장이설 감리용역 [제한],한국전력공사 부산울산본부,감리,한전 감리 지역제한 3개사,135423583.0,-0.2033,지역제한,2,3,True,0.3399,-0.0822,0.3399,-0.0822,-0.44,-0.0822,2,-0.0822,2,0.12110000000000001,0.12110000000000001,0.12110000000000001,0.12110000000000001,0.0
2026-03-16,E012601502-1,서창S/S 연계력 확보를 위한 선로보강공사 감리용역 [제한],한국전력공사 부산울산본부,감리,한전 감리 지역제한 3개사,110579720.0,-0.2963,지역제한,2,3,True,0.7111,-0.0681,0.7111,-0.0681,-0.22,-0.0681,2,-0.22,3,0.22820000000000001,0.0763,0.22820000000000001,0.0763,0.1519
2026-03-17,E012601595-1,"온산읍 (주)비지에프에코스페셜티 산업용(을)고압A 17,650kW 증설공사 감리 [제한]",한국전력공사 부산울산본부,감리,한전 감리 지역제한 3개사,125878841.0,0.7697,지역제한,2,3,True,0.093,-0.0839,0.093,-0.0839,-0.2,0.093,1,0.093,1,0.6767000000000001,0.6767000000000001,-0.6767000000000001,-0.6767000000000001,0.0
2026-03-18,E012601617-1,동래S/S 용량부족해소 선로확충공사 감리용역 [정][연기][제한],한국전력공사 부산울산본부,감리,한전 감리 지역제한 3개사,112322659.0,-0.0341,지역제한,2,3,True,0.72,-0.0068,0.72,-0.0068,0.06,-0.0068,2,-0.0068,2,0.027299999999999998,0.027299999999999998,0.027299999999999998,0.027299999999999998,0.0
2026-04-06,E012602286-1,울주S/S 내와D/L-직동S/S 인보D/L 수지상선로 연계력 확보공사 감리 [제한],한국전력공사 부산울산본부,감리,한전 감리 지역제한 3개사,148343372.0,0.2696,지역제한,2,3,True,0.715,-0.0203,0.715,-0.0203,0.38,-0.0203,2,0.38,3,0.2899,0.1104,-0.2899,0.1104,0.1795
2026-04-10,E012602496-1,범천S/S 당진D/L 용량부족 해소 선로확충공사 감리용역 [제한],한국전력공사 부산울산본부,감리,한전 감리 지역제한 3개사,185138727.0,-0.8261,지역제한,2,3,True,-0.8301,-0.0523,-0.8301,-0.0523,-0.2,-0.8301,1,-0.8301,1,0.0040000000000000036,0.0040000000000000036,-0.0040000000000000036,-0.0040000000000000036,0.0
2026-04-21,E012602784-1,동구 고관로 지중화공사 감리용역 [제한],한국전력공사 부산울산본부,감리,한전 감리 지역제한 3개사,116195853.0,0.0422,지역제한,2,3,True,-0.5944,-0.1261,-0.5944,-0.1261,-0.06,-0.1261,2,-0.06,3,0.1683,0.1022,-0.1683,-0.1022,0.0661
2026-05-04,E012603225-1,"대연S/S 광안, 유엔D/L 용량부족해소 선로확충공사 감리용역 [제한]",한국전력공사 부산울산본부,감리,한전 감리 지역제한 3개사,137498427.0,-0.0259,지역제한,2,3,True,0.3582,-0.1759,0.3582,-0.1759,0.06,-0.1759,2,0.06,3,0.15,0.0859,-0.15,0.0859,0.06409999999999999
2026-06-12,E012604155-1,765kV 북경남-신고리T/L 추락방지장치 설치공사 책임감리용역 [제한][공가],한국전력공사 부산울산본부,감리,한전 감리 지역제한 3개사,245793900.0,-0.7808,지역제한,2,3,True,-0.2131,-0.1213,-0.2131,-0.1213,0.42,-0.2131,1,-0.2131,1,0.5677000000000001,0.5677000000000001,0.5677000000000001,0.5677000000000001,0.0
2026-06-26,E012604417-1,양산 신기2지구 배전간선 설치공사 감리용역 [제한],한국전력공사 부산울산본부,감리,한전 감리 지역제한 3개사,129364717.0,-0.1866,지역제한,2,3,True,-0.4477,-0.2095,-0.4477,-0.2095,-0.3,-0.2095,2,-0.2095,2,0.022900000000000004,0.022900000000000004,-0.022900000000000004,-0.022900000000000004,0.0
2026-07-16,E012604832-1,"신정동 문수로푸르지오 등 6건 8,600kW 신설공사 감리용역 [제한]",한국전력공사 부산울산본부,감리,한전 감리 지역제한 3개사,234328306.0,-0.2053,지역제한,2,3,True,-0.5178,-0.1576,-0.5178,-0.1576,0.24,-0.1576,2,-0.1576,2,0.04770000000000002,0.04770000000000002,0.04770000000000002,0.04770000000000002,0.0
2026-08-03,E012605183-1,"대연동 부경대학교 교육용 10,000/14,500kW 증설공사 감리용역 [제한]",한국전력공사 부산울산본부,감리,한전 감리 지역제한 3개사,203342744.0,-0.0306,지역제한,2,3,True,0.6261,-0.1354,0.6261,-0.1354,-0.42,-0.1354,2,-0.1354,2,0.10479999999999999,0.10479999999999999,-0.10479999999999999,-0.10479999999999999,0.0
